-- --------------------------------------------------------
-- Host:                         database-1.cfisjxaz6zof.ap-northeast-1.rds.amazonaws.com
-- Server version:               10.2.21-MariaDB-log - Source distribution
-- Server OS:                    Linux
-- HeidiSQL Version:             10.3.0.5771
-- --------------------------------------------------------

/*!40101 SET @OLD_CHARACTER_SET_CLIENT=@@CHARACTER_SET_CLIENT */;
/*!40101 SET NAMES utf8 */;
/*!50503 SET NAMES utf8mb4 */;
/*!40014 SET @OLD_FOREIGN_KEY_CHECKS=@@FOREIGN_KEY_CHECKS, FOREIGN_KEY_CHECKS=0 */;
/*!40101 SET @OLD_SQL_MODE=@@SQL_MODE, SQL_MODE='NO_AUTO_VALUE_ON_ZERO' */;


-- Dumping database structure for auction_db
CREATE DATABASE IF NOT EXISTS `auction_db` /*!40100 DEFAULT CHARACTER SET latin1 */;
USE `auction_db`;

-- Dumping structure for table auction_db.table_auctions
CREATE TABLE IF NOT EXISTS `table_auctions` (
  `AuctionId` int(11) NOT NULL AUTO_INCREMENT,
  `AuctionName` varchar(255) NOT NULL,
  `AuctionDescription` longtext DEFAULT NULL,
  `SelectedBidId` int(11) DEFAULT NULL,
  `AuctionOwner` int(11) NOT NULL,
  `InitialAuctionRate` decimal(11,4) unsigned NOT NULL,
  `CurrentAuctionRate` decimal(11,4) unsigned NOT NULL DEFAULT `InitialAuctionRate`,
  `IsActive` tinyint(1) DEFAULT 0,
  `Location` varchar(255) NOT NULL,
  `CreatedBy` int(11) DEFAULT NULL,
  `UpdatedBy` int(11) DEFAULT NULL,
  `CreateDate` timestamp NULL DEFAULT current_timestamp(),
  `UpdateDate` datetime DEFAULT NULL ON UPDATE current_timestamp(),
  PRIMARY KEY (`AuctionId`)
) ENGINE=InnoDB AUTO_INCREMENT=128 DEFAULT CHARSET=latin1;

-- Dumping data for table auction_db.table_auctions: ~94 rows (approximately)
/*!40000 ALTER TABLE `table_auctions` DISABLE KEYS */;
INSERT INTO `table_auctions` (`AuctionId`, `AuctionName`, `AuctionDescription`, `SelectedBidId`, `AuctionOwner`, `InitialAuctionRate`, `CurrentAuctionRate`, `IsActive`, `Location`, `CreatedBy`, `UpdatedBy`, `CreateDate`, `UpdateDate`) VALUES
	(1, 'My first auction dd', 'this is new auctiondfasfdasfas', NULL, 7, 0.0000, 10.0000, 1, 'dhaka', 7, 7, '2019-10-31 10:44:05', '2019-12-31 05:47:14'),
	(2, 'NeoAuction', 'asdf', NULL, 7, 0.0000, 0.0000, 1, 'sadf', 7, NULL, '2019-11-01 11:51:42', NULL),
	(25, 'auction tree', 'auction three', NULL, 7, 0.0000, 0.0000, 1, 'asdf', 7, NULL, '2019-11-13 04:52:58', NULL),
	(26, 'auction four', 'auction four', NULL, 7, 0.0000, 0.0000, 1, 'asdf', 7, NULL, '2019-11-13 04:54:26', NULL),
	(27, 'asdfasf', 'asdfasf', NULL, 7, 0.0000, 0.0000, 1, 'asdf', 7, NULL, '2019-11-13 04:56:42', NULL),
	(28, 'ddd', 'ddd', NULL, 7, 0.0000, 0.0000, 1, 'dd', 7, NULL, '2019-11-13 05:00:43', NULL),
	(29, 'asdfasfdasfd', 'sadfasfdasfasf', NULL, 3, 96.0005, 96.0005, 1, 'asdfas', 3, 3, '2019-11-13 05:04:51', '2019-11-27 04:34:52'),
	(30, 'asdfas', 'asdfasf', NULL, 7, 0.0000, 0.0000, 1, 'asdf', 7, NULL, '2019-11-13 05:08:08', NULL),
	(31, '11111', '111', NULL, 7, 0.0000, 0.0000, 1, '111', 7, NULL, '2019-11-13 05:08:50', NULL),
	(32, '123456789', 'adsfasdf', NULL, 7, 0.0000, 0.0000, 1, 'sadfasf', 7, NULL, '2019-11-13 05:10:35', NULL),
	(33, 'I nedd current for my company', 'company', NULL, 7, 0.0000, 0.0000, 1, 'dasfas', 7, NULL, '2019-11-13 05:48:47', NULL),
	(34, 'my test auction', 'asdfasf', NULL, 7, 0.0000, 0.0000, 1, 'asdf', 7, NULL, '2019-11-13 08:45:16', NULL),
	(35, 'my test 2 auction', 'asdfasf', NULL, 7, 0.0000, 0.0000, 1, 'asdfasf', 7, NULL, '2019-11-13 08:47:35', NULL),
	(36, 'dasfasf', 'adsfasdf', NULL, 7, 0.0000, 0.0000, 1, 'asdfasf', 7, NULL, '2019-11-13 08:48:07', NULL),
	(37, 'sadasf', 'dsafasfasf', NULL, 7, 0.0000, 0.0000, 1, 'asdf', 7, NULL, '2019-11-13 08:49:46', NULL),
	(38, 'asdfasf', 'adsfasf', NULL, 7, 0.0000, 0.0000, 1, 'asfdasf', 7, NULL, '2019-11-13 08:50:30', NULL),
	(39, 'asdfasf', 'asdfasf', NULL, 7, 0.0000, 0.0000, 1, 'asdfasf', 7, NULL, '2019-11-13 08:50:46', NULL),
	(40, '111', '007', NULL, 7, 0.0000, 0.0000, 1, 'asdfasf', 7, NULL, '2019-11-13 09:26:23', NULL),
	(41, 'new auction', 'this is new auction', NULL, 7, 0.0000, 0.0000, 1, 'dsa', 7, NULL, '2019-11-14 02:53:41', NULL),
	(42, 'auctioin 14-11-2019', 'auction desc', NULL, 7, 0.0000, 0.0000, 1, 'dsa', 7, NULL, '2019-11-14 02:59:39', NULL),
	(43, 'sadfasf', 'asdfasf', NULL, 7, 0.0000, 0.0000, -1, 'asdfasf', 7, NULL, '2019-11-14 06:44:22', NULL),
	(44, 'dsafasf', 'adsfasf', NULL, 7, 0.0000, 0.0000, -1, 'dsfasf', 7, NULL, '2019-11-14 07:46:15', NULL),
	(45, 'test', 'test', NULL, 7, 0.0000, 0.0000, -1, 'sadf', 7, NULL, '2019-11-14 07:54:55', NULL),
	(46, 'fsd', 'dfasf', NULL, 7, 0.0000, 0.0000, 1, 'sadf', 7, NULL, '2019-11-14 08:43:46', NULL),
	(47, 'sdfasf', 'sdfasf', NULL, 7, 0.0000, 0.0000, 1, 'sdf', 7, 7, '2019-11-14 08:46:11', '2019-11-14 08:48:38'),
	(48, 'first notification test', 'first notification test', NULL, 7, 0.0000, 0.0000, -1, 'first notification test', 7, NULL, '2019-11-14 09:54:50', NULL),
	(49, 'asdfasf', 'asdfasf', NULL, 7, 0.0000, 0.0000, 1, 'dsf', 7, 7, '2019-11-14 09:56:16', '2019-11-14 09:56:26'),
	(50, 'dfs', 'asdf', NULL, 7, 0.0000, 0.0000, 0, 'sadf', 7, NULL, '2019-11-15 03:56:28', NULL),
	(51, 'sadfasf', 'df', NULL, 7, 0.0000, 0.0000, 0, 'sdf', 7, NULL, '2019-11-15 04:01:27', NULL),
	(52, 'asdfasfd', 'sdfasdf', NULL, 7, 0.0000, 0.0000, 0, 'sdfasf', 7, NULL, '2019-11-15 04:11:47', NULL),
	(53, 'dasfasdf', 'sadfasdf', NULL, 7, 0.0000, 0.0000, 1, 'dsfasdf', 7, 7, '2019-11-15 04:15:17', '2019-11-15 04:15:59'),
	(54, 'yyyyyyyyyyyyyyy', 'yyyyyyyyyyyy', NULL, 7, 0.0000, 0.0000, 0, 'yyyyyyy', 7, NULL, '2019-11-15 05:15:08', NULL),
	(55, 'Reverse auction', 'dsfadsdsfdfsdfsadsf', NULL, 7, 0.0000, 0.0000, 0, 'fd', 7, 7, '2019-11-15 05:26:19', '2019-11-20 10:23:14'),
	(56, 'dfasf', 'dfsasf', NULL, 7, 0.0000, 0.0000, 1, 'sadf', 7, NULL, '2019-11-15 05:28:09', NULL),
	(57, 'dsfas', 'asdf', NULL, 7, 0.0000, 0.0000, 0, 'sadf', 7, 7, '2019-11-15 05:32:06', '2019-11-15 05:32:47'),
	(58, 'dsafas', 'sadfasf', NULL, 7, 0.0000, 0.0000, 0, 'asdfas', 7, 7, '2019-11-15 05:33:09', '2019-11-15 05:33:41'),
	(59, 'new nw', 'fsadffafas', NULL, 7, 100.0000, 2.6700, 1, 'asdfsadffads', 7, 7, '2019-11-15 06:00:08', '2019-12-06 08:57:14'),
	(60, 'aucton with initial rate', 'aucton with initial rate', NULL, 7, 78.0000, 30.0000, 1, 'dhaka', 7, 7, '2019-11-21 05:45:05', '2019-12-06 05:06:39'),
	(61, 'rr', 'rr', NULL, 7, 44.9996, 30.0000, 1, 'ff', 7, 7, '2019-11-25 04:03:51', '2019-12-06 05:08:52'),
	(62, 'yytttttt', '444', NULL, 7, 90.0000, 90.0000, 1, '44', 7, 7, '2019-11-25 10:19:51', '2019-12-04 08:46:24'),
	(63, 'ddd', 'ddd', NULL, 7, 34.0000, 12.0000, 1, 'dd', 7, 7, '2019-12-03 06:26:02', '2019-12-06 11:29:08'),
	(64, 'Need electricity for silicon general branch', 'branch_dhaka\r\nbangladesh', NULL, 7, 456.0000, 410.0000, 1, 'dhaka', 7, 7, '2019-12-06 06:17:56', '2019-12-06 09:38:12'),
	(71, 'promise base auction add', 'ddd', NULL, 7, 12.0000, 10.0000, 1, 'dd', 7, NULL, '2019-12-09 04:30:05', '2019-12-09 05:34:24'),
	(72, 'a another auction', 'auction', NULL, 7, 12.0000, 12.0000, 0, 'dhaka', 7, 7, '2019-12-09 04:35:14', '2019-12-13 05:18:04'),
	(73, 'rrr', 'rrr', NULL, 7, 45.0000, 45.0000, 1, 'd', 7, 7, '2019-12-19 09:02:03', '2019-12-19 09:02:14'),
	(74, 'test on friday auction', 'dddd', NULL, 7, 10.0000, 10.0000, 0, 'panthapath dhaka', 7, 7, '2019-12-20 04:12:56', '2019-12-20 04:13:19'),
	(75, 'mock', NULL, NULL, 7, 20.0000, 20.0000, 0, 'Mock Dhaka', NULL, NULL, '2019-12-24 05:53:55', NULL),
	(76, 'mock', NULL, NULL, 7, 20.0000, 20.0000, 0, 'Mock Dhaka', NULL, NULL, '2019-12-24 05:54:47', NULL),
	(77, 'mock', NULL, NULL, 7, 20.0000, 20.0000, 0, 'Mock Dhaka', NULL, NULL, '2019-12-24 05:57:51', NULL),
	(78, 'mock', NULL, NULL, 7, 20.0000, 20.0000, 0, 'Mock Dhaka', NULL, NULL, '2019-12-24 06:00:46', NULL),
	(79, 'a', NULL, NULL, 7, 20.0000, 20.0000, 0, 'mock dhaka', NULL, NULL, '2019-12-24 07:22:14', NULL),
	(80, 'a', NULL, NULL, 7, 20.0000, 20.0000, 0, 'mock dhaka', NULL, NULL, '2019-12-24 07:22:56', NULL),
	(81, 'a', NULL, NULL, 7, 20.0000, 20.0000, 0, 'mock dhaka', NULL, NULL, '2019-12-24 07:23:21', NULL),
	(82, 'a', NULL, NULL, 7, 20.0000, 20.0000, 0, 'mock dhaka', NULL, NULL, '2019-12-24 07:24:51', NULL),
	(83, 'a', NULL, NULL, 7, 20.0000, 20.0000, 0, 'mock dhaka', NULL, NULL, '2019-12-24 07:25:34', NULL),
	(84, 'a', NULL, NULL, 7, 20.0000, 20.0000, 0, 'mock dhaka', NULL, NULL, '2019-12-24 07:26:50', NULL),
	(85, 'last mock', NULL, NULL, 7, 20.0000, 20.0000, 0, 'mock dhaka', NULL, NULL, '2019-12-24 10:51:12', NULL),
	(86, 'last mock', NULL, NULL, 7, 20.0000, 20.0000, 0, 'mock dhaka', NULL, NULL, '2019-12-24 10:52:05', NULL),
	(87, 'rko', NULL, NULL, 7, 12.0000, 12.0000, 1, 'dhaka', NULL, NULL, '2019-12-26 09:52:13', NULL),
	(88, 'rko', NULL, NULL, 7, 12.0000, 12.0000, 1, 'dhaka', NULL, NULL, '2019-12-26 09:53:51', NULL),
	(89, 'rko', NULL, NULL, 7, 12.0000, 12.0000, 1, 'dhaka', NULL, NULL, '2019-12-26 09:54:23', NULL),
	(90, 'rko', NULL, NULL, 7, 12.0000, 12.0000, 1, 'dhaka', NULL, NULL, '2019-12-26 09:55:42', NULL),
	(91, 'rko', NULL, NULL, 7, 12.0000, 12.0000, 1, 'dhaka', NULL, NULL, '2019-12-26 09:56:50', NULL),
	(92, 'rko', NULL, NULL, 7, 12.0000, 12.0000, 1, 'dhaka', NULL, NULL, '2019-12-26 09:57:18', NULL),
	(93, 'rko', NULL, NULL, 7, 12.0000, 12.0000, 1, 'dhaka', NULL, NULL, '2019-12-26 10:33:25', NULL),
	(94, 'rko', NULL, NULL, 7, 12.0000, 12.0000, 1, 'dhaka', NULL, NULL, '2019-12-26 10:36:53', NULL),
	(95, 'rko', NULL, NULL, 7, 12.0000, 12.0000, 1, 'dhaka', NULL, NULL, '2019-12-30 03:37:37', NULL),
	(96, 'rko', NULL, NULL, 7, 12.0000, 12.0000, 1, 'dhaka', NULL, NULL, '2019-12-30 03:47:56', NULL),
	(97, 'rko', NULL, NULL, 7, 12.0000, 12.0000, 1, 'dhaka', NULL, NULL, '2019-12-30 03:50:11', NULL),
	(98, 'rko', NULL, NULL, 7, 12.0000, 12.0000, 1, 'dhaka', NULL, NULL, '2019-12-30 03:51:22', NULL),
	(99, 'rko', NULL, NULL, 7, 12.0000, 12.0000, 1, 'dhaka', NULL, NULL, '2019-12-30 03:54:12', NULL),
	(100, 'rko', NULL, NULL, 7, 12.0000, 12.0000, 1, 'dhaka', NULL, NULL, '2019-12-30 03:57:05', NULL),
	(101, 'rko', NULL, NULL, 7, 12.0000, 12.0000, 1, 'dhaka', NULL, NULL, '2019-12-30 04:03:11', NULL),
	(102, 'rko', NULL, NULL, 7, 12.0000, 12.0000, 1, 'dhaka', NULL, NULL, '2019-12-30 04:04:06', NULL),
	(103, 'rko', NULL, NULL, 7, 12.0000, 12.0000, 1, 'dhaka', NULL, NULL, '2019-12-30 04:04:54', NULL),
	(104, 'rko', NULL, NULL, 7, 12.0000, 12.0000, 1, 'dhaka', NULL, NULL, '2019-12-30 04:06:06', NULL),
	(105, 'rko', NULL, NULL, 7, 12.0000, 12.0000, 1, 'dhaka', NULL, NULL, '2019-12-30 04:11:22', NULL),
	(106, 'rko', NULL, NULL, 7, 12.0000, 12.0000, 1, 'dhaka', NULL, NULL, '2019-12-30 04:26:29', NULL),
	(107, 'rko', NULL, NULL, 7, 12.0000, 12.0000, 1, 'dhaka', NULL, NULL, '2019-12-30 04:29:54', NULL),
	(108, 'rko', NULL, NULL, 7, 12.0000, 12.0000, 1, 'dhaka', NULL, NULL, '2019-12-30 04:31:24', NULL),
	(109, 'rko', NULL, NULL, 7, 12.0000, 12.0000, 1, 'dhaka', NULL, NULL, '2019-12-30 04:34:35', NULL),
	(110, 'rko', NULL, NULL, 7, 12.0000, 12.0000, 1, 'dhaka', NULL, NULL, '2019-12-30 04:36:56', NULL),
	(111, 'rko', NULL, NULL, 7, 12.0000, 12.0000, 1, 'dhaka', NULL, NULL, '2019-12-30 04:37:59', NULL),
	(112, 'rko', NULL, NULL, 7, 12.0000, 12.0000, 1, 'dhaka', NULL, NULL, '2019-12-30 04:39:10', NULL),
	(113, 'rko', NULL, NULL, 7, 12.0000, 12.0000, 1, 'dhaka', NULL, NULL, '2019-12-30 04:44:44', NULL),
	(114, 'rko', NULL, NULL, 7, 12.0000, 12.0000, 1, 'dhaka', NULL, NULL, '2019-12-30 04:45:24', NULL),
	(115, 'rko', NULL, NULL, 7, 12.0000, 12.0000, 1, 'dhaka', NULL, NULL, '2019-12-30 04:47:45', NULL),
	(116, 'rko', NULL, NULL, 7, 12.0000, 12.0000, 1, 'dhaka', NULL, NULL, '2019-12-30 04:49:05', NULL),
	(117, 'rko', NULL, NULL, 7, 12.0000, 12.0000, 1, 'dhaka', NULL, NULL, '2019-12-30 04:50:39', NULL),
	(118, 'rko', NULL, NULL, 7, 12.0000, 12.0000, 1, 'dhaka', NULL, NULL, '2019-12-30 04:52:06', NULL),
	(119, 'rko', NULL, NULL, 7, 12.0000, 12.0000, 1, 'dhaka', NULL, NULL, '2019-12-30 04:53:04', NULL),
	(120, 'rko', NULL, NULL, 7, 12.0000, 12.0000, 1, 'dhaka', NULL, NULL, '2019-12-30 05:01:40', NULL),
	(126, 'rko', NULL, NULL, 7, 20.0000, 20.0000, 1, 'dhaka', NULL, NULL, '2019-12-31 06:48:41', NULL),
	(127, 'rko', NULL, NULL, 7, 20.0000, 20.0000, 1, 'dhaka', NULL, NULL, '2019-12-31 06:49:51', NULL);
/*!40000 ALTER TABLE `table_auctions` ENABLE KEYS */;

-- Dumping structure for table auction_db.table_bids
CREATE TABLE IF NOT EXISTS `table_bids` (
  `BidId` int(11) NOT NULL AUTO_INCREMENT,
  `BidRate` decimal(11,4) unsigned NOT NULL,
  `BidTitle` varchar(255) NOT NULL,
  `BidDescription` varchar(255) NOT NULL,
  `IsActive` tinyint(1) DEFAULT 0,
  `BidOwnerId` int(11) NOT NULL,
  `AuctionId` int(11) NOT NULL,
  `IsViewed` tinyint(1) DEFAULT NULL,
  `IsReBid` tinyint(1) DEFAULT NULL,
  `CreatedBy` int(11) DEFAULT NULL,
  `UpdatedBy` int(11) DEFAULT NULL,
  `CreateDate` timestamp NULL DEFAULT current_timestamp(),
  `UpdateDate` datetime DEFAULT NULL ON UPDATE current_timestamp(),
  PRIMARY KEY (`BidId`)
) ENGINE=InnoDB AUTO_INCREMENT=29 DEFAULT CHARSET=latin1;

-- Dumping data for table auction_db.table_bids: ~25 rows (approximately)
/*!40000 ALTER TABLE `table_bids` DISABLE KEYS */;
INSERT INTO `table_bids` (`BidId`, `BidRate`, `BidTitle`, `BidDescription`, `IsActive`, `BidOwnerId`, `AuctionId`, `IsViewed`, `IsReBid`, `CreatedBy`, `UpdatedBy`, `CreateDate`, `UpdateDate`) VALUES
	(1, 30.0000, 'The first bitd', 'first bid on', 0, 1, 1, NULL, NULL, 6, 6, '2019-10-31 10:45:18', '2019-12-05 05:25:42'),
	(2, 30.0000, 'NeoBid2', 'adsf', 0, 6, 2, NULL, NULL, 6, 6, '2019-11-01 11:53:39', '2019-12-05 05:25:42'),
	(4, 30.0000, 'before last', 'asdfasf', 1, 6, 25, NULL, NULL, NULL, 6, '2019-11-14 03:55:33', '2019-12-05 05:25:42'),
	(5, 30.0000, 'before before last', 'bid', 1, 6, 26, NULL, NULL, 6, NULL, '2019-11-14 04:03:06', '2019-12-05 05:25:42'),
	(6, 30.0000, 'bid for auction five', 'bid for auction five', 1, 6, 27, NULL, NULL, 6, NULL, '2019-11-14 04:04:46', '2019-12-05 05:25:42'),
	(7, 30.0000, 'aaaa', 'biddddd', 1, 6, 28, NULL, NULL, 6, 6, '2019-11-14 04:11:22', '2019-12-05 05:25:42'),
	(8, 30.0000, 'dsfadsfasf', 'asdfasf', 1, 6, 29, NULL, NULL, 6, 6, '2019-11-14 04:15:27', '2019-12-05 05:25:42'),
	(9, 30.0000, 'bid for seven', 'bid for seven', 1, 6, 30, NULL, NULL, 6, NULL, '2019-11-14 04:30:52', '2019-12-05 05:25:42'),
	(10, 30.0000, 'socket notification testing bid', 'bid', 1, 6, 35, NULL, NULL, 6, NULL, '2019-11-14 04:33:53', '2019-12-05 05:25:42'),
	(11, 30.0000, 'again socket bid check', 'check', 1, 6, 31, NULL, NULL, 6, NULL, '2019-11-14 04:43:42', '2019-12-05 05:25:42'),
	(12, 30.0000, 'another socket notification for bid', 'bid', 1, 6, 36, NULL, NULL, 6, NULL, '2019-11-14 04:51:36', '2019-12-05 05:25:42'),
	(13, 30.0000, 'add notification', 'adfasfd', 1, 6, 37, NULL, NULL, 6, NULL, '2019-11-14 04:53:27', '2019-12-05 05:25:42'),
	(14, 30.0000, 'bid create for auction 123456789', 'fdasf', 1, 6, 32, NULL, NULL, 6, NULL, '2019-11-14 05:11:22', '2019-12-05 05:25:42'),
	(15, 30.0000, 'asfda', 'dsafas', 1, 6, 28, NULL, NULL, 6, NULL, '2019-11-14 06:36:21', '2019-12-05 05:25:42'),
	(16, 30.0000, 'last', 'frist bid', 1, 6, 34, NULL, NULL, 6, 6, '2019-11-14 10:56:00', '2019-12-05 05:25:42'),
	(19, 30.0000, 'dfasf', 'sadfsaf', 1, 6, 33, NULL, NULL, 6, 6, '2019-11-20 09:39:31', '2019-12-05 05:25:42'),
	(20, 29.9998, 'kabir khan anotherfad', 'kabir khan another', 1, 6, 60, NULL, NULL, 6, 6, '2019-11-21 07:14:52', '2019-12-17 06:15:38'),
	(21, 30.0000, 'rrrr', 'df', 1, 6, 62, NULL, NULL, 6, 6, '2019-11-25 10:20:51', '2019-12-05 05:25:42'),
	(22, 30.0000, 'KabirBid', 'Desc', 1, 6, 61, NULL, NULL, 6, 6, '2019-12-02 07:55:06', '2019-12-06 05:08:52'),
	(23, 12.0000, 'yes', 'ddd-bid', 1, 6, 63, NULL, NULL, 6, 6, '2019-12-03 06:31:49', '2019-12-06 11:29:08'),
	(24, 23.0000, 'supllier abdur rahman bid', 'supplier abdur rahman', 1, 6, 63, NULL, NULL, 17, 17, '2019-12-03 09:10:24', '2019-12-18 09:40:47'),
	(25, 34.0000, 'kabir khan bid on new nw auction', 'kabir khan bid on new nw auction desc', 1, 6, 59, NULL, NULL, 6, 6, '2019-12-06 04:19:57', '2019-12-06 08:57:47'),
	(26, 6.0000, 'supplier rahman bid for new nw', 'supplier rahman bid for new nw', 1, 6, 59, NULL, NULL, 17, 17, '2019-12-06 04:21:48', '2019-12-18 09:40:47'),
	(27, 410.0000, 'i can provide eletricity', 'my bid on electricity provide for silicon', 0, 6, 64, NULL, NULL, 17, 6, '2019-12-06 06:34:49', '2019-12-19 06:59:43'),
	(28, 10.0000, 'bid on promise base', 'bid on promise base', 0, 6, 71, NULL, NULL, 6, 6, '2019-12-09 05:34:24', '2019-12-11 04:10:44');
/*!40000 ALTER TABLE `table_bids` ENABLE KEYS */;

-- Dumping structure for table auction_db.table_bid_amendments
CREATE TABLE IF NOT EXISTS `table_bid_amendments` (
  `AmendmentId` int(11) NOT NULL AUTO_INCREMENT,
  `BidId` int(11) NOT NULL,
  `Explanation` varchar(255) NOT NULL,
  `CreatedBy` int(11) DEFAULT NULL,
  `UpdatedBy` int(11) NOT NULL,
  `CreateDate` timestamp NULL DEFAULT current_timestamp(),
  `UpdateDate` datetime NOT NULL DEFAULT '0000-00-00 00:00:00' ON UPDATE current_timestamp(),
  PRIMARY KEY (`AmendmentId`)
) ENGINE=InnoDB DEFAULT CHARSET=latin1;

-- Dumping data for table auction_db.table_bid_amendments: ~0 rows (approximately)
/*!40000 ALTER TABLE `table_bid_amendments` DISABLE KEYS */;
/*!40000 ALTER TABLE `table_bid_amendments` ENABLE KEYS */;

-- Dumping structure for table auction_db.table_chats
CREATE TABLE IF NOT EXISTS `table_chats` (
  `ChatId` int(10) unsigned NOT NULL AUTO_INCREMENT,
  `Types` int(10) unsigned NOT NULL COMMENT '1=text,10=seen',
  `SenderId` int(10) unsigned NOT NULL,
  `ReceiverId` int(10) unsigned NOT NULL,
  `Message` text NOT NULL DEFAULT '',
  `CreateDate` datetime NOT NULL DEFAULT current_timestamp(),
  `UpdateDate` datetime DEFAULT NULL ON UPDATE current_timestamp(),
  `DeletedDate` datetime DEFAULT NULL,
  PRIMARY KEY (`ChatId`)
) ENGINE=InnoDB AUTO_INCREMENT=707 DEFAULT CHARSET=latin1;

-- Dumping data for table auction_db.table_chats: ~706 rows (approximately)
/*!40000 ALTER TABLE `table_chats` DISABLE KEYS */;
INSERT INTO `table_chats` (`ChatId`, `Types`, `SenderId`, `ReceiverId`, `Message`, `CreateDate`, `UpdateDate`, `DeletedDate`) VALUES
	(1, 1, 7, 6, 'hi', '2019-11-05 10:28:37', NULL, NULL),
	(2, 1, 6, 7, 'how are you', '2019-11-05 10:28:46', NULL, NULL),
	(3, 1, 7, 6, 'hi kabir', '2019-11-05 10:45:11', NULL, NULL),
	(4, 1, 2, 6, 'hello', '2019-11-05 10:45:46', NULL, NULL),
	(5, 1, 2, 7, 'hi', '2019-11-05 10:45:55', NULL, NULL),
	(6, 1, 6, 7, 'hi', '2019-11-05 10:46:19', NULL, NULL),
	(7, 1, 6, 7, 'hdsfasf', '2019-11-05 11:06:21', NULL, NULL),
	(8, 1, 7, 6, 'hi', '2019-11-06 04:24:15', NULL, NULL),
	(9, 1, 6, 7, 'helo', '2019-11-06 04:24:21', NULL, NULL),
	(10, 1, 6, 7, 'nope', '2019-11-06 04:29:23', NULL, NULL),
	(11, 1, 9, 7, 'hey', '2019-11-06 04:31:47', NULL, NULL),
	(12, 1, 9, 7, 'how are y =', '2019-11-06 04:32:12', NULL, NULL),
	(13, 1, 7, 9, 'fine', '2019-11-06 04:32:19', NULL, NULL),
	(14, 1, 2, 1, 'dfdsaf', '2019-11-07 05:10:20', NULL, NULL),
	(15, 1, 7, 6, 'dfdsafasdf', '2019-11-07 07:35:36', NULL, NULL),
	(16, 1, 6, 7, 'hi', '2019-11-07 07:37:40', NULL, NULL),
	(17, 1, 7, 6, 'sadfsaf', '2019-11-07 07:38:56', NULL, NULL),
	(18, 1, 2, 6, 'hi', '2019-11-07 07:40:11', NULL, NULL),
	(19, 1, 6, 7, 'sdafsafsafd', '2019-11-07 07:46:53', NULL, NULL),
	(20, 1, 7, 6, 'sadfasfd', '2019-11-07 07:48:32', NULL, NULL),
	(21, 1, 2, 6, 'dsafasdfasf', '2019-11-07 07:49:23', NULL, NULL),
	(22, 1, 2, 6, 'dfasfas', '2019-11-07 07:49:36', NULL, NULL),
	(23, 1, 2, 6, 'hi', '2019-11-07 08:20:01', NULL, NULL),
	(24, 1, 6, 2, 'hello', '2019-11-07 08:20:09', NULL, NULL),
	(25, 1, 6, 2, 'okk', '2019-11-07 08:20:36', NULL, NULL),
	(26, 1, 6, 2, 'dsfasf', '2019-11-07 08:20:49', NULL, NULL),
	(27, 1, 6, 2, 'sfdasf', '2019-11-07 08:20:59', NULL, NULL),
	(28, 1, 2, 6, 'hi', '2019-11-07 08:22:44', NULL, NULL),
	(29, 1, 6, 2, 'hello', '2019-11-07 08:22:57', NULL, NULL),
	(30, 1, 6, 2, 'dsf', '2019-11-07 08:23:24', NULL, NULL),
	(31, 1, 2, 6, 'asdfas', '2019-11-07 08:23:31', NULL, NULL),
	(32, 1, 2, 6, 'asdfasf', '2019-11-07 08:23:40', NULL, NULL),
	(33, 1, 2, 6, 'adfasf', '2019-11-08 03:48:38', NULL, NULL),
	(34, 1, 2, 6, 'no', '2019-11-08 03:49:50', NULL, NULL),
	(35, 1, 2, 6, 'abc\n', '2019-11-08 03:51:34', NULL, NULL),
	(36, 1, 2, 6, 'hi\n\n\n\n\n\n', '2019-11-08 03:52:06', NULL, NULL),
	(37, 1, 2, 1, 'sadfdasfd\n', '2019-11-08 03:52:47', NULL, NULL),
	(38, 1, 2, 1, 'yyyy', '2019-11-08 03:53:01', NULL, NULL),
	(39, 1, 2, 6, 'sadfasdf', '2019-11-08 03:56:14', NULL, NULL),
	(40, 1, 2, 1, 'sasfasf', '2019-11-08 03:56:49', NULL, NULL),
	(41, 1, 2, 1, 'hi vai\n', '2019-11-08 04:03:40', NULL, NULL),
	(42, 1, 2, 1, 'kemon acn\n', '2019-11-08 04:03:46', NULL, NULL),
	(43, 1, 2, 1, 'ki korcen\n', '2019-11-08 04:03:53', NULL, NULL),
	(44, 1, 2, 1, 'okk done\n', '2019-11-08 04:03:57', NULL, NULL),
	(45, 1, 2, 7, 'hi rahman\n', '2019-11-08 04:31:13', NULL, NULL),
	(46, 1, 6, 7, 'hi\n', '2019-11-08 04:33:14', NULL, NULL),
	(47, 1, 2, 7, 'hey kabir\n', '2019-11-08 04:33:44', NULL, NULL),
	(48, 1, 2, 7, 'hi rahman\n', '2019-11-08 04:37:52', NULL, NULL),
	(49, 1, 2, 7, 'hi', '2019-11-08 04:41:11', NULL, NULL),
	(50, 1, 2, 7, 'hello\n', '2019-11-08 04:43:55', NULL, NULL),
	(51, 1, 2, 7, 'sadfasfd', '2019-11-08 04:52:08', NULL, NULL),
	(52, 1, 2, 7, 'hello\n', '2019-11-08 04:54:59', NULL, NULL),
	(53, 1, 6, 7, 'asdfasf\n', '2019-11-08 04:58:28', NULL, NULL),
	(54, 1, 6, 7, 'asdfasf\n', '2019-11-08 04:58:57', NULL, NULL),
	(55, 1, 2, 7, 'asdfasfd\n', '2019-11-08 05:00:36', NULL, NULL),
	(56, 1, 2, 7, 'asdfasfd', '2019-11-08 05:01:11', NULL, NULL),
	(57, 1, 2, 7, 'hello\n', '2019-11-08 05:04:03', NULL, NULL),
	(58, 1, 2, 7, 'hello\n', '2019-11-08 05:05:25', NULL, NULL),
	(59, 1, 2, 7, 'hello\n', '2019-11-08 05:06:16', NULL, NULL),
	(60, 1, 7, 2, 'hi\n', '2019-11-08 05:06:26', NULL, NULL),
	(61, 1, 6, 7, 'hello\n', '2019-11-08 05:09:58', NULL, NULL),
	(62, 1, 7, 6, 'hi\n', '2019-11-08 05:10:29', NULL, NULL),
	(63, 1, 6, 7, 'hello\n', '2019-11-08 05:12:11', NULL, NULL),
	(64, 1, 7, 6, 'okk\n', '2019-11-08 05:12:22', NULL, NULL),
	(65, 1, 6, 7, 'hi\n', '2019-11-08 05:13:06', NULL, NULL),
	(66, 1, 2, 7, 'hey rah man\n', '2019-11-08 05:15:04', NULL, NULL),
	(67, 1, 2, 7, 'whats up\n', '2019-11-08 05:15:13', NULL, NULL),
	(68, 1, 7, 2, 'hi\n', '2019-11-08 05:15:40', NULL, NULL),
	(69, 1, 7, 2, 'asdfasfd', '2019-11-08 05:16:03', NULL, NULL),
	(70, 1, 7, 2, 'okkk\n', '2019-11-08 05:16:14', NULL, NULL),
	(71, 1, 7, 2, 'asdfasdf\n', '2019-11-08 05:16:24', NULL, NULL),
	(72, 1, 2, 7, 'hi\n', '2019-11-08 05:23:37', NULL, NULL),
	(73, 1, 7, 2, 'hello\n', '2019-11-08 05:23:47', NULL, NULL),
	(74, 1, 2, 7, 'hey\n', '2019-11-08 05:25:51', NULL, NULL),
	(75, 1, 7, 2, 'hello\n', '2019-11-08 05:25:58', NULL, NULL),
	(76, 1, 2, 7, 'how are you\n', '2019-11-08 05:26:06', NULL, NULL),
	(77, 1, 7, 2, 'i am fine\n', '2019-11-08 05:26:17', NULL, NULL),
	(78, 1, 2, 7, 'okkk\n', '2019-11-08 05:26:22', NULL, NULL),
	(79, 1, 6, 7, 'hi rah\n', '2019-11-08 05:26:49', NULL, NULL),
	(80, 1, 7, 6, 'hello\n', '2019-11-08 05:26:57', NULL, NULL),
	(81, 1, 6, 7, 'hi\n', '2019-11-08 05:30:50', NULL, NULL),
	(82, 1, 6, 7, 'how are y\n', '2019-11-08 05:31:01', NULL, NULL),
	(83, 1, 6, 7, 'are you fine\n', '2019-11-08 05:31:05', NULL, NULL),
	(84, 1, 6, 7, 'what about your last days\n', '2019-11-08 05:31:12', NULL, NULL),
	(85, 1, 6, 7, 'do u do all the work\n', '2019-11-08 05:31:20', NULL, NULL),
	(86, 1, 7, 6, 'yes i can\n', '2019-11-08 05:31:32', NULL, NULL),
	(87, 1, 7, 6, 'okk\n', '2019-11-08 05:31:35', NULL, NULL),
	(88, 1, 7, 6, 'lets have a chat\n', '2019-11-08 05:31:41', NULL, NULL),
	(89, 1, 2, 7, 'hello i am admin\n', '2019-11-08 05:32:11', NULL, NULL),
	(90, 1, 7, 2, 'okk what can i do for you\n', '2019-11-08 05:32:24', NULL, NULL),
	(91, 1, 2, 1, 'hi\n', '2019-11-08 05:33:54', NULL, NULL),
	(92, 1, 6, 7, 'hi\n', '2019-11-08 05:38:38', NULL, NULL),
	(93, 1, 7, 6, 'hello\n', '2019-11-08 05:38:44', NULL, NULL),
	(94, 1, 6, 7, 'whats up\n', '2019-11-08 05:38:52', NULL, NULL),
	(95, 1, 7, 6, ' i am fine\n', '2019-11-08 05:38:58', NULL, NULL),
	(96, 1, 2, 7, 'hi\n', '2019-11-08 05:39:53', NULL, NULL),
	(97, 1, 7, 2, 'whats?\n', '2019-11-08 05:40:00', NULL, NULL),
	(98, 1, 2, 7, 'okkk rahman\n', '2019-11-08 05:40:45', NULL, NULL),
	(99, 1, 2, 8, 'okk mahfuz\n', '2019-11-08 05:40:53', NULL, NULL),
	(100, 1, 7, 2, 'hello\n', '2019-11-08 05:41:52', NULL, NULL),
	(101, 1, 2, 1, 'do u have work schedule\n', '2019-11-08 05:47:26', NULL, NULL),
	(102, 1, 2, 7, 'hello vai\n', '2019-11-08 05:47:54', NULL, NULL),
	(103, 1, 2, 7, 'asdfsaf\n', '2019-11-08 06:27:48', NULL, NULL),
	(104, 1, 2, 7, 'hi rahman\n', '2019-11-08 08:57:41', NULL, NULL),
	(105, 1, 7, 2, 'hello\n', '2019-11-08 08:57:47', NULL, NULL),
	(106, 1, 2, 7, 'yap\n', '2019-11-08 08:57:53', NULL, NULL),
	(107, 1, 7, 2, 'how are u\n', '2019-11-08 08:58:00', NULL, NULL),
	(108, 1, 2, 7, 'i am fine\n', '2019-11-08 08:58:06', NULL, NULL),
	(109, 1, 2, 6, 'hey kabir\n', '2019-11-08 08:58:15', NULL, NULL),
	(110, 1, 2, 6, 'hi kabir\n', '2019-11-08 08:58:43', NULL, NULL),
	(111, 1, 6, 2, 'yes\n', '2019-11-08 08:58:49', NULL, NULL),
	(112, 1, 2, 6, 'hi kabir\n', '2019-11-08 11:26:30', NULL, NULL),
	(113, 1, 6, 2, 'hello\n', '2019-11-08 11:26:36', NULL, NULL),
	(114, 1, 6, 2, 'how are u\n', '2019-11-08 11:26:40', NULL, NULL),
	(115, 1, 2, 6, 'fine\n', '2019-11-08 11:26:45', NULL, NULL),
	(116, 1, 2, 7, 'hi rahman\n', '2019-11-08 11:27:03', NULL, NULL),
	(117, 1, 7, 6, 'helllo kabir\n', '2019-11-08 11:27:26', NULL, NULL),
	(118, 1, 2, 7, 'hey\n', '2019-11-08 11:30:42', NULL, NULL),
	(119, 1, 2, 7, 'whats up\n', '2019-11-08 11:30:56', NULL, NULL),
	(120, 1, 16, 6, 'hi\n', '2019-11-10 09:57:00', NULL, NULL),
	(121, 1, 16, 6, 'how are you\n', '2019-11-10 09:57:15', NULL, NULL),
	(122, 1, 2, 16, 'hi\n', '2019-11-10 09:59:25', NULL, NULL),
	(123, 1, 16, 2, 'hello\n', '2019-11-10 09:59:31', NULL, NULL),
	(124, 1, 2, 16, 'how r u\n', '2019-11-10 09:59:45', NULL, NULL),
	(125, 1, 2, 16, 'Hai', '2019-11-10 12:11:55', NULL, NULL),
	(126, 1, 16, 2, 'hi\n', '2019-11-10 12:12:03', NULL, NULL),
	(127, 1, 2, 16, 'Hello', '2019-11-10 12:12:11', NULL, NULL),
	(128, 1, 2, 16, 'Ghai', '2019-11-10 12:12:30', NULL, NULL),
	(129, 1, 2, 16, 'Shamim', '2019-11-10 12:12:43', NULL, NULL),
	(130, 1, 16, 2, 'hello\n', '2019-11-10 12:12:48', NULL, NULL),
	(131, 1, 16, 2, 'erj;ewlkjl;kgj;ldkgj;dlfgj;sd\n', '2019-11-10 12:12:56', NULL, NULL),
	(132, 1, 2, 16, 'Shamin', '2019-11-10 12:13:09', NULL, NULL),
	(133, 1, 2, 6, 'hi\n', '2019-11-11 02:52:24', NULL, NULL),
	(134, 1, 7, 6, 'hi\n', '2019-11-11 03:01:07', NULL, NULL),
	(135, 1, 2, 6, 'hi\n', '2019-11-11 05:21:06', NULL, NULL),
	(136, 1, 6, 2, 'hello\n', '2019-11-11 05:21:13', NULL, NULL),
	(137, 1, 7, 6, 'hello\n', '2019-11-11 05:21:35', NULL, NULL),
	(138, 1, 1, 6, 'hello\n', '2019-11-11 05:24:24', NULL, NULL),
	(139, 1, 3, 6, 'hello\n', '2019-11-11 05:26:04', NULL, NULL),
	(140, 1, 3, 6, 'hello\n', '2019-11-11 05:26:49', NULL, NULL),
	(141, 1, 7, 6, 'hi\n', '2019-11-11 05:27:08', NULL, NULL),
	(142, 1, 1, 6, 'new\n', '2019-11-11 05:27:54', NULL, NULL),
	(143, 1, 2, 6, 'kabir\n', '2019-11-11 05:28:24', NULL, NULL),
	(144, 1, 2, 6, 'kabir\n', '2019-11-11 05:37:52', NULL, NULL),
	(145, 1, 7, 6, 'kabir\n', '2019-11-11 05:38:07', NULL, NULL),
	(146, 1, 3, 6, 'kabir \n', '2019-11-11 05:38:46', NULL, NULL),
	(147, 1, 1, 6, 'how\n', '2019-11-11 05:39:18', NULL, NULL),
	(148, 1, 1, 6, 'hello\n', '2019-11-11 05:40:49', NULL, NULL),
	(149, 1, 2, 6, 'okkk\n', '2019-11-11 05:41:11', NULL, NULL),
	(150, 1, 3, 6, 'test\n', '2019-11-11 05:41:48', NULL, NULL),
	(151, 1, 2, 3, 'hello\n', '2019-11-11 05:44:57', NULL, NULL),
	(152, 1, 2, 6, 'kabir\n', '2019-11-11 05:45:24', NULL, NULL),
	(153, 1, 7, 6, 'kabir\n', '2019-11-11 05:45:48', NULL, NULL),
	(154, 1, 2, 6, 'okk\n', '2019-11-11 05:49:16', NULL, NULL),
	(155, 1, 2, 6, 'ok\n', '2019-11-11 05:49:32', NULL, NULL),
	(156, 1, 2, 7, 'hel\n', '2019-11-11 05:51:33', NULL, NULL),
	(157, 1, 2, 7, 'hello\n', '2019-11-11 05:53:27', NULL, NULL),
	(158, 1, 7, 2, 'asdfasf\n', '2019-11-11 05:54:35', NULL, NULL),
	(159, 1, 2, 7, 'gsdg\n', '2019-11-11 05:54:42', NULL, NULL),
	(160, 1, 2, 6, 'safasf\n', '2019-11-11 05:56:44', NULL, NULL),
	(161, 1, 2, 6, 'asfdasfas\n', '2019-11-11 05:58:13', NULL, NULL),
	(162, 1, 2, 6, 'asdfasf\n', '2019-11-11 05:59:04', NULL, NULL),
	(163, 1, 2, 7, 'safdasff\n', '2019-11-11 05:59:57', NULL, NULL),
	(164, 1, 2, 7, 'asdfasf\n\\', '2019-11-11 06:00:23', NULL, NULL),
	(165, 1, 2, 7, 'adsfasf', '2019-11-11 06:00:54', NULL, NULL),
	(166, 1, 2, 1, 'hi\n', '2019-11-11 06:02:50', NULL, NULL),
	(167, 1, 2, 1, 'hello\n', '2019-11-11 06:02:54', NULL, NULL),
	(168, 1, 2, 1, 'now\n', '2019-11-11 06:02:56', NULL, NULL),
	(169, 1, 2, 6, 'okk\n', '2019-11-11 06:03:03', NULL, NULL),
	(170, 1, 2, 6, 'okk\n', '2019-11-11 06:03:04', NULL, NULL),
	(171, 1, 2, 3, 'safasf', '2019-11-11 06:05:25', NULL, NULL),
	(172, 1, 2, 3, 'asfsaf', '2019-11-11 06:05:41', NULL, NULL),
	(173, 1, 2, 6, 'hi\n', '2019-11-11 06:05:51', NULL, NULL),
	(174, 1, 2, 6, 'asdfsaf', '2019-11-11 06:08:02', NULL, NULL),
	(175, 1, 2, 6, 'asdfasf', '2019-11-11 06:09:33', NULL, NULL),
	(176, 1, 2, 6, 'sadfasf', '2019-11-11 06:11:48', NULL, NULL),
	(177, 1, 2, 6, 'asdfasfd', '2019-11-11 06:14:32', NULL, NULL),
	(178, 1, 2, 6, 'hi kabir\n', '2019-11-11 08:50:49', NULL, NULL),
	(179, 1, 2, 6, 'hello\n', '2019-11-11 08:51:08', NULL, NULL),
	(180, 1, 2, 6, 'how are u\n', '2019-11-11 08:51:15', NULL, NULL),
	(181, 1, 6, 2, 'hi kabir\n', '2019-11-11 08:51:40', NULL, NULL),
	(182, 1, 6, 2, 'hello\n', '2019-11-11 08:52:14', NULL, NULL),
	(183, 1, 2, 6, 'how are u\n', '2019-11-11 08:52:22', NULL, NULL),
	(184, 1, 2, 6, 'hello\n', '2019-11-11 08:54:58', NULL, NULL),
	(185, 1, 2, 6, 'hi\n', '2019-11-11 10:08:50', NULL, NULL),
	(186, 1, 2, 6, 'kabir\n', '2019-11-11 10:09:04', NULL, NULL),
	(187, 1, 6, 2, 'ok\n', '2019-11-11 10:09:18', NULL, NULL),
	(188, 1, 6, 2, 'what can i do now?\n', '2019-11-11 10:09:49', NULL, NULL),
	(189, 1, 6, 2, 'kabir\n', '2019-11-11 10:10:36', NULL, NULL),
	(190, 1, 2, 6, 'hey\n', '2019-11-11 10:11:12', NULL, NULL),
	(191, 1, 2, 6, 'hi\n', '2019-11-11 10:38:35', NULL, NULL),
	(192, 1, 6, 2, 'hello\n', '2019-11-11 10:38:43', NULL, NULL),
	(193, 1, 2, 6, 'hi\n', '2019-11-11 10:42:01', NULL, NULL),
	(194, 1, 6, 2, 'hi kabir\n', '2019-11-11 10:42:11', NULL, NULL),
	(195, 1, 6, 2, 'hi\n', '2019-11-11 10:42:52', NULL, NULL),
	(196, 1, 2, 7, 'hello\n', '2019-11-11 10:57:59', NULL, NULL),
	(197, 1, 1, 2, 'hi\n', '2019-11-11 10:58:16', NULL, NULL),
	(198, 1, 6, 2, 'hello\n', '2019-11-11 10:58:41', NULL, NULL),
	(199, 1, 6, 2, 'hi\n', '2019-11-11 10:59:02', NULL, NULL),
	(200, 1, 7, 2, 'hi admin\n', '2019-11-11 10:59:18', NULL, NULL),
	(201, 1, 1, 2, 'hello admin\n', '2019-11-11 10:59:39', NULL, NULL),
	(202, 1, 3, 2, 'hello systme\n', '2019-11-11 11:00:38', NULL, NULL),
	(203, 1, 6, 2, 'hello\n', '2019-11-11 11:18:06', NULL, NULL),
	(204, 1, 6, 2, 'hi\n', '2019-11-11 11:21:54', NULL, NULL),
	(205, 1, 6, 2, 'hello\n', '2019-11-12 03:24:14', NULL, NULL),
	(206, 1, 2, 6, 'hi\n', '2019-11-12 03:24:21', NULL, NULL),
	(207, 1, 7, 2, 'hello system admin\n', '2019-11-12 03:26:42', NULL, NULL),
	(208, 1, 7, 2, 'hi admin\n', '2019-11-12 04:22:40', NULL, NULL),
	(209, 1, 7, 2, 'hello\n', '2019-11-12 04:22:55', NULL, NULL),
	(210, 1, 7, 2, 'hi\n', '2019-11-12 04:33:57', NULL, NULL),
	(211, 1, 2, 7, 'hello\n', '2019-11-12 04:34:04', NULL, NULL),
	(212, 1, 2, 7, 'how are u\n', '2019-11-12 04:34:08', NULL, NULL),
	(213, 1, 7, 2, 'i am fine\n', '2019-11-12 04:34:19', NULL, NULL),
	(214, 1, 7, 2, 'okkk\n', '2019-11-12 04:34:23', NULL, NULL),
	(215, 1, 7, 2, 'shall we meet\n', '2019-11-12 04:34:31', NULL, NULL),
	(216, 1, 7, 2, '??\n', '2019-11-12 04:34:33', NULL, NULL),
	(217, 1, 2, 7, 'no \n', '2019-11-12 04:34:40', NULL, NULL),
	(218, 1, 2, 7, 'i have some work left\n', '2019-11-12 04:34:46', NULL, NULL),
	(219, 1, 2, 6, 'hello kabir\n', '2019-11-12 11:34:18', NULL, NULL),
	(220, 1, 6, 2, 'hi\n', '2019-11-12 11:34:29', NULL, NULL),
	(221, 1, 6, 2, 'how are you\n', '2019-11-12 11:34:35', NULL, NULL),
	(222, 1, 2, 6, 'fine\n', '2019-11-12 11:34:40', NULL, NULL),
	(223, 1, 6, 2, 'dfasdf', '2019-11-12 11:45:13', NULL, NULL),
	(224, 1, 6, 7, 'sdfasfd', '2019-11-12 11:45:22', NULL, NULL),
	(225, 1, 7, 6, 'hello\n', '2019-11-14 06:09:00', NULL, NULL),
	(226, 1, 7, 6, 'hi\n', '2019-11-15 09:58:13', NULL, NULL),
	(227, 1, 7, 6, 'hello\n', '2019-11-15 09:59:54', NULL, NULL),
	(228, 1, 7, 6, 'hey\n', '2019-11-15 10:01:15', NULL, NULL),
	(229, 1, 6, 7, 'hi\n', '2019-11-15 10:02:48', NULL, NULL),
	(230, 1, 6, 7, 'hello rahman\n', '2019-11-15 10:04:28', NULL, NULL),
	(231, 1, 6, 7, 'hi\n', '2019-11-15 10:07:32', NULL, NULL),
	(232, 1, 6, 7, 'ddd', '2019-11-15 10:09:34', NULL, NULL),
	(233, 1, 6, 7, 'hi\n', '2019-11-15 10:14:10', NULL, NULL),
	(234, 1, 6, 7, 'hi\n', '2019-11-15 10:16:10', NULL, NULL),
	(235, 1, 6, 7, 'hi\n', '2019-11-15 10:18:04', NULL, NULL),
	(236, 1, 6, 7, 'hi\n', '2019-11-15 10:18:48', NULL, NULL),
	(237, 1, 6, 7, 'dfasfdasf\n', '2019-11-15 10:22:42', NULL, NULL),
	(238, 1, 6, 7, 'hi\n', '2019-11-15 10:43:56', NULL, NULL),
	(239, 1, 6, 7, 'hi\n', '2019-11-15 10:44:44', NULL, NULL),
	(240, 1, 6, 7, 'hello\n', '2019-11-15 10:47:11', NULL, NULL),
	(241, 1, 6, 7, 'hi\n', '2019-11-15 10:58:11', NULL, NULL),
	(242, 1, 2, 6, 'hi\n', '2019-11-15 10:59:16', NULL, NULL),
	(243, 1, 2, 6, 'Hello \n', '2019-11-15 10:59:36', NULL, NULL),
	(244, 1, 2, 7, 'Hey\n', '2019-11-15 10:59:48', NULL, NULL),
	(245, 1, 6, 7, 'helllo\n', '2019-11-15 11:03:26', NULL, NULL),
	(246, 1, 6, 7, 'hello\n', '2019-11-15 11:05:04', NULL, NULL),
	(247, 1, 6, 7, 'good morning\n', '2019-11-15 11:05:40', NULL, NULL),
	(248, 1, 6, 7, 'hello\n', '2019-11-15 11:06:31', NULL, NULL),
	(249, 1, 7, 6, 'hello\n', '2019-11-18 02:56:59', NULL, NULL),
	(250, 1, 6, 7, 'hello ms rahman\n', '2019-11-18 03:14:42', NULL, NULL),
	(251, 1, 2, 7, 'hi ms rahman\n', '2019-11-18 03:15:06', NULL, NULL),
	(252, 1, 2, 7, 'hello\n', '2019-11-18 03:15:54', NULL, NULL),
	(253, 1, 2, 7, 'ok\n', '2019-11-18 03:16:21', NULL, NULL),
	(254, 1, 6, 7, 'hi\n', '2019-11-18 03:18:48', NULL, NULL),
	(255, 1, 6, 7, 'hello\n', '2019-11-18 03:52:31', NULL, NULL),
	(256, 1, 7, 6, 'hi\n', '2019-11-18 03:52:39', NULL, NULL),
	(257, 1, 6, 7, 'hi\n', '2019-11-18 06:45:33', NULL, NULL),
	(258, 1, 6, 7, 'hello\n', '2019-11-18 06:46:56', NULL, NULL),
	(259, 1, 6, 7, 'hello\n', '2019-11-18 06:52:05', NULL, NULL),
	(260, 1, 6, 7, 'ok\n', '2019-11-18 06:53:06', NULL, NULL),
	(261, 1, 6, 7, 'dasfasf\n', '2019-11-18 06:53:50', NULL, NULL),
	(262, 1, 6, 7, 'okkkkkkk\n', '2019-11-18 06:55:21', NULL, NULL),
	(263, 1, 6, 7, 'dfasf', '2019-11-18 06:55:41', NULL, NULL),
	(264, 1, 6, 7, 'sadaF', '2019-11-18 06:56:13', NULL, NULL),
	(265, 1, 6, 7, 'DFASF', '2019-11-18 06:56:20', NULL, NULL),
	(266, 1, 6, 7, 'DSAF', '2019-11-18 06:56:31', NULL, NULL),
	(267, 1, 7, 6, 'HELLO', '2019-11-18 06:59:27', NULL, NULL),
	(268, 1, 6, 7, 'dfasf', '2019-11-18 07:01:30', NULL, NULL),
	(269, 1, 7, 6, 'hello\n', '2019-11-18 07:04:08', NULL, NULL),
	(270, 1, 7, 6, 'dsfasf', '2019-11-18 07:06:15', NULL, NULL),
	(271, 1, 7, 6, 'ok\n', '2019-11-18 07:07:28', NULL, NULL),
	(272, 1, 6, 7, 'hey\n', '2019-11-18 07:07:41', NULL, NULL),
	(273, 1, 6, 7, 'dfasf', '2019-11-18 07:07:50', NULL, NULL),
	(274, 1, 7, 6, 'okk\n', '2019-11-18 07:08:08', NULL, NULL),
	(275, 1, 6, 7, 'dfasf', '2019-11-18 07:08:30', NULL, NULL),
	(276, 1, 6, 7, 'hey\n', '2019-11-18 07:09:41', NULL, NULL),
	(277, 1, 7, 6, 'hello\n', '2019-11-18 07:14:45', NULL, NULL),
	(278, 1, 7, 6, 'hi\n', '2019-11-18 07:16:51', NULL, NULL),
	(279, 1, 7, 6, 'fa', '2019-11-18 07:19:42', NULL, NULL),
	(280, 1, 7, 2, 'hello', '2019-11-18 07:24:08', NULL, NULL),
	(281, 1, 7, 6, 'hi\n', '2019-11-18 07:27:50', NULL, NULL),
	(282, 1, 7, 6, 'hi', '2019-11-18 07:30:33', NULL, NULL),
	(283, 1, 7, 6, 'ddddd', '2019-11-18 07:37:24', NULL, NULL),
	(284, 1, 7, 6, 'dfasf', '2019-11-18 07:39:59', NULL, NULL),
	(285, 1, 7, 6, 'dsfasfasf', '2019-11-18 07:41:36', NULL, NULL),
	(286, 1, 7, 6, 'asdfasf', '2019-11-18 07:51:30', NULL, NULL),
	(287, 1, 7, 6, 'dfasf', '2019-11-18 07:53:20', NULL, NULL),
	(288, 1, 7, 6, 'hello\n', '2019-11-18 08:35:43', NULL, NULL),
	(289, 1, 7, 6, 'sdfasfasdf\n', '2019-11-18 08:37:09', NULL, NULL),
	(290, 1, 7, 6, 'dfasf', '2019-11-18 08:38:58', NULL, NULL),
	(291, 1, 6, 7, 'dfasf', '2019-11-18 08:39:23', NULL, NULL),
	(292, 1, 6, 7, 'sdfasf', '2019-11-18 08:39:54', NULL, NULL),
	(293, 1, 6, 7, 'dfasfasf', '2019-11-18 08:41:33', NULL, NULL),
	(294, 1, 6, 7, 'adfasfasf', '2019-11-18 08:41:47', NULL, NULL),
	(295, 1, 6, 7, 'dfasf', '2019-11-18 08:41:55', NULL, NULL),
	(296, 1, 7, 6, 'sdafasf', '2019-11-18 08:43:18', NULL, NULL),
	(297, 1, 7, 6, 'dsfdasfadsf', '2019-11-18 08:43:27', NULL, NULL),
	(298, 1, 7, 6, 'dsfasf', '2019-11-18 08:43:32', NULL, NULL),
	(299, 1, 7, 6, 'dsfasf', '2019-11-18 08:43:55', NULL, NULL),
	(300, 1, 7, 6, 'dsfasfa', '2019-11-18 08:51:12', NULL, NULL),
	(301, 1, 7, 6, 'adsfasf', '2019-11-18 08:52:04', NULL, NULL),
	(302, 1, 6, 7, 'dasd', '2019-11-18 08:53:33', NULL, NULL),
	(303, 1, 7, 2, 'asdfasf', '2019-11-18 09:02:09', NULL, NULL),
	(304, 1, 2, 7, 'asdfas', '2019-11-18 09:03:40', NULL, NULL),
	(305, 1, 7, 2, 'sadfsa', '2019-11-18 09:04:06', NULL, NULL),
	(306, 1, 7, 2, 'fdasf', '2019-11-18 09:06:44', NULL, NULL),
	(307, 1, 6, 7, 'dsfasf', '2019-11-18 09:18:23', NULL, NULL),
	(308, 1, 7, 6, 'okk\n', '2019-11-18 09:18:52', NULL, NULL),
	(309, 1, 7, 6, 'dsfasf', '2019-11-18 09:21:46', NULL, NULL),
	(310, 1, 6, 2, 'sdafasfasdf', '2019-11-18 10:38:13', NULL, NULL),
	(311, 1, 3, 2, 'aS', '2019-11-18 10:39:42', NULL, NULL),
	(312, 1, 7, 6, 'hi', '2019-11-18 10:57:42', NULL, NULL),
	(313, 1, 7, 6, 'dafasf', '2019-11-18 10:58:14', NULL, NULL),
	(314, 1, 7, 6, 'hello kabir \n', '2019-11-18 11:24:26', NULL, NULL),
	(315, 1, 7, 6, 'fdasfda', '2019-11-18 11:26:13', NULL, NULL),
	(316, 1, 7, 6, 'sdfasf', '2019-11-18 11:27:30', NULL, NULL),
	(317, 1, 7, 6, 'okk\n', '2019-11-18 11:33:04', NULL, NULL),
	(318, 1, 7, 6, 'helo\n', '2019-11-18 11:39:32', NULL, NULL),
	(319, 1, 6, 7, 'hi\n', '2019-11-18 11:39:42', NULL, NULL),
	(320, 1, 6, 7, 'somehting\n', '2019-11-18 11:41:03', NULL, NULL),
	(321, 1, 6, 7, 'asdfk\n', '2019-11-18 11:41:36', NULL, NULL),
	(322, 1, 6, 7, 'asd;fk\n', '2019-11-18 11:41:37', NULL, NULL),
	(323, 1, 6, 7, 'adfskj\n', '2019-11-18 11:41:38', NULL, NULL),
	(324, 1, 2, 3, 'hello bakkaer\n', '2019-11-19 03:27:02', NULL, NULL),
	(325, 1, 3, 2, 'okk\n', '2019-11-19 03:28:11', NULL, NULL),
	(326, 1, 2, 3, 'yess\n', '2019-11-19 03:28:26', NULL, NULL),
	(327, 1, 6, 2, 'hello\n', '2019-11-19 09:38:06', NULL, NULL),
	(328, 1, 6, 2, 'hello\n', '2019-11-19 09:44:35', NULL, NULL),
	(329, 1, 6, 2, 'dsfas', '2019-11-19 09:45:07', NULL, NULL),
	(330, 1, 6, 2, 'dsf', '2019-11-19 09:45:24', NULL, NULL),
	(331, 1, 2, 6, 'sdafasf', '2019-11-19 09:45:46', NULL, NULL),
	(332, 1, 2, 6, 'sdfasf', '2019-11-19 09:46:01', NULL, NULL),
	(333, 1, 6, 2, 'adfasf', '2019-11-19 09:46:07', NULL, NULL),
	(334, 1, 6, 2, 'asdfasf', '2019-11-19 09:46:17', NULL, NULL),
	(335, 1, 6, 2, 'asdfasf', '2019-11-19 09:46:21', NULL, NULL),
	(336, 1, 3, 2, 'asfd', '2019-11-19 09:46:38', NULL, NULL),
	(337, 1, 3, 2, 'dsfasf', '2019-11-19 09:49:18', NULL, NULL),
	(338, 1, 3, 2, 'adfasf', '2019-11-19 09:49:30', NULL, NULL),
	(339, 1, 2, 3, 'adfasf', '2019-11-19 09:49:59', NULL, NULL),
	(340, 1, 2, 3, 'dsfasf', '2019-11-19 09:51:57', NULL, NULL),
	(341, 1, 3, 2, 'adsfasf', '2019-11-19 09:52:12', NULL, NULL),
	(342, 1, 3, 2, 'asdfasf', '2019-11-19 09:52:23', NULL, NULL),
	(343, 1, 2, 3, 'hi abu\n', '2019-11-19 09:59:05', NULL, NULL),
	(344, 1, 2, 3, 'hello\n', '2019-11-19 09:59:17', NULL, NULL),
	(345, 1, 3, 2, 'how are you\n', '2019-11-19 09:59:28', NULL, NULL),
	(346, 1, 2, 3, 'fine u\n', '2019-11-19 09:59:47', NULL, NULL),
	(347, 1, 3, 2, 'fine too\n', '2019-11-19 09:59:57', NULL, NULL),
	(348, 1, 3, 2, 'hello\n', '2019-11-19 10:11:51', NULL, NULL),
	(349, 1, 3, 2, 'adsfasf', '2019-11-19 10:12:49', NULL, NULL),
	(350, 1, 2, 3, 'dfasf\n', '2019-11-19 10:26:52', NULL, NULL),
	(351, 1, 6, 2, 'asfdasf', '2019-11-19 10:45:37', NULL, NULL),
	(352, 1, 6, 7, 'console\n', '2019-11-19 10:46:51', NULL, NULL),
	(353, 1, 6, 7, 'dfasf', '2019-11-19 10:47:02', NULL, NULL),
	(354, 1, 6, 2, 'asdfasf', '2019-11-19 10:47:12', NULL, NULL),
	(355, 1, 6, 2, 'asdfasf', '2019-11-19 10:47:18', NULL, NULL),
	(356, 1, 6, 2, 'asdfasf', '2019-11-19 10:47:24', NULL, NULL),
	(357, 1, 6, 2, 'asdfsaf', '2019-11-19 10:47:31', NULL, NULL),
	(358, 1, 6, 2, 'asdfasdf', '2019-11-19 10:48:05', NULL, NULL),
	(359, 1, 2, 6, 'safddasf', '2019-11-19 10:50:38', NULL, NULL),
	(360, 1, 6, 2, 'afdasfas', '2019-11-19 11:06:12', NULL, NULL),
	(361, 1, 2, 6, 'sdfasf', '2019-11-19 11:09:17', NULL, NULL),
	(362, 1, 6, 2, 'sadfasfd', '2019-11-19 11:09:23', NULL, NULL),
	(363, 1, 6, 2, 'fddsfasfd', '2019-11-19 11:09:48', NULL, NULL),
	(364, 1, 2, 6, 'dafasf', '2019-11-19 11:09:53', NULL, NULL),
	(365, 1, 2, 6, 'sdfasfas', '2019-11-19 11:22:48', NULL, NULL),
	(366, 1, 6, 2, 'asdfasf', '2019-11-19 11:22:52', NULL, NULL),
	(367, 1, 2, 6, 'dfasdfasf', '2019-11-19 11:22:59', NULL, NULL),
	(368, 1, 6, 2, 'adfasf', '2019-11-19 11:23:04', NULL, NULL),
	(369, 1, 6, 2, 'dfasf', '2019-11-19 11:23:07', NULL, NULL),
	(370, 1, 6, 2, 'asdfsaf', '2019-11-19 11:23:09', NULL, NULL),
	(371, 1, 2, 6, 'dfasfd', '2019-11-19 11:23:13', NULL, NULL),
	(372, 1, 6, 2, 'sdfasf', '2019-11-19 11:23:19', NULL, NULL),
	(373, 1, 2, 6, 'sadfas', '2019-11-19 11:23:38', NULL, NULL),
	(374, 1, 6, 2, 'hello kabir\n', '2019-11-20 05:28:46', NULL, NULL),
	(375, 1, 6, 2, 'hi\n', '2019-11-20 05:28:54', NULL, NULL),
	(376, 1, 2, 6, 'hello\n', '2019-11-20 05:29:11', NULL, NULL),
	(377, 1, 6, 2, 'sdafasf', '2019-11-20 05:30:06', NULL, NULL),
	(378, 1, 2, 6, 'sadfasf', '2019-11-20 05:30:31', NULL, NULL),
	(379, 1, 7, 6, 'hello\n', '2019-11-20 05:49:15', NULL, NULL),
	(380, 1, 6, 7, 'hi\n', '2019-11-20 05:49:24', NULL, NULL),
	(381, 1, 2, 6, 'dsfasf', '2019-11-20 09:45:42', NULL, NULL),
	(382, 1, 7, 6, 'hello kabir\n', '2019-11-20 09:46:24', NULL, NULL),
	(383, 1, 6, 7, 'hi\n', '2019-11-20 09:46:33', NULL, NULL),
	(384, 1, 6, 7, 'okkk i am fine\n', '2019-11-20 09:46:38', NULL, NULL),
	(385, 1, 7, 6, 'what?\n', '2019-11-20 09:46:48', NULL, NULL),
	(386, 1, 2, 6, 'hi\n', '2019-11-20 10:37:59', NULL, NULL),
	(387, 1, 2, 6, 'adsf', '2019-11-20 10:40:42', NULL, NULL),
	(388, 1, 2, 6, 'hello\n', '2019-11-20 10:48:12', NULL, NULL),
	(389, 1, 6, 7, 'dsfasf', '2019-11-20 10:57:43', NULL, NULL),
	(390, 1, 7, 6, 'hi\n', '2019-11-20 11:02:07', NULL, NULL),
	(391, 1, 7, 6, 'hello\n', '2019-11-20 11:03:53', NULL, NULL),
	(392, 1, 2, 6, 'hello\n', '2019-11-20 11:05:24', NULL, NULL),
	(393, 1, 2, 6, 'how are u\n', '2019-11-20 11:05:32', NULL, NULL),
	(394, 1, 6, 2, 'how about your exam\n', '2019-11-20 11:05:45', NULL, NULL),
	(395, 1, 6, 2, 'are you doing well\n', '2019-11-20 11:06:01', NULL, NULL),
	(396, 1, 2, 6, 'oh yes\n', '2019-11-20 11:06:13', NULL, NULL),
	(397, 1, 6, 2, 'dsafasf', '2019-11-20 11:06:54', NULL, NULL),
	(398, 1, 6, 7, 'hello\n', '2019-11-20 11:15:38', NULL, NULL),
	(399, 1, 6, 7, 'asdfasf', '2019-11-20 11:17:56', NULL, NULL),
	(400, 1, 3, 6, 'sd', '2019-11-21 02:50:41', NULL, NULL),
	(401, 1, 7, 6, 'dh\n', '2019-11-21 02:59:13', NULL, NULL),
	(402, 1, 7, 6, 'hi\n', '2019-11-21 03:10:15', NULL, NULL),
	(403, 1, 7, 6, 'hello\n', '2019-11-21 03:16:04', NULL, NULL),
	(404, 1, 7, 6, 'hi\n', '2019-11-21 03:20:15', NULL, NULL),
	(405, 1, 7, 6, 'hello\n', '2019-11-21 03:20:29', NULL, NULL),
	(406, 1, 6, 7, 'okkk\n', '2019-11-21 03:20:43', NULL, NULL),
	(407, 1, 6, 7, 'hey\n', '2019-11-21 03:21:12', NULL, NULL),
	(408, 1, 6, 7, 'hello\n', '2019-11-21 03:27:35', NULL, NULL),
	(409, 1, 7, 6, 'okk\n', '2019-11-21 03:27:54', NULL, NULL),
	(410, 1, 7, 6, 'are you fine\n', '2019-11-21 03:28:04', NULL, NULL),
	(411, 1, 7, 6, 'yes\n', '2019-11-21 03:28:08', NULL, NULL),
	(412, 1, 6, 7, 'okkk fine\n', '2019-11-21 03:28:14', NULL, NULL),
	(413, 1, 6, 7, 'hello rahman vai\n', '2019-11-21 03:28:45', NULL, NULL),
	(414, 1, 6, 7, 'how are  u\n', '2019-11-21 03:28:55', NULL, NULL),
	(415, 1, 2, 7, 'hello rahman we need some coversation\n', '2019-11-21 03:29:30', NULL, NULL),
	(416, 1, 7, 2, 'hello mr admin\n', '2019-11-21 03:40:14', NULL, NULL),
	(417, 1, 6, 7, 'fasdfa', '2019-11-21 03:47:21', NULL, NULL),
	(418, 1, 6, 7, 'hello\n', '2019-11-21 04:07:26', NULL, NULL),
	(419, 1, 6, 7, 'sadfasf', '2019-11-21 04:10:34', NULL, NULL),
	(420, 1, 6, 7, 'fdasf', '2019-11-21 04:12:11', NULL, NULL),
	(421, 1, 6, 7, 'fsasf', '2019-11-21 04:12:18', NULL, NULL),
	(422, 1, 7, 6, 'again\n', '2019-11-21 04:16:53', NULL, NULL),
	(423, 1, 7, 6, 'ok\n', '2019-11-21 04:17:29', NULL, NULL),
	(424, 1, 6, 7, 'okk\n', '2019-11-21 04:17:37', NULL, NULL),
	(425, 1, 6, 7, 'yes\n', '2019-11-21 04:18:01', NULL, NULL),
	(426, 1, 7, 6, 'no\n', '2019-11-21 04:18:09', NULL, NULL),
	(427, 1, 7, 6, 'okk\n', '2019-11-21 04:18:13', NULL, NULL),
	(428, 1, 7, 6, 'yes\n', '2019-11-21 04:18:17', NULL, NULL),
	(429, 1, 6, 7, 'okk\n', '2019-11-21 04:18:30', NULL, NULL),
	(430, 1, 6, 7, 'fine\n', '2019-11-21 04:18:36', NULL, NULL),
	(431, 1, 6, 7, 'asdf', '2019-11-21 04:20:09', NULL, NULL),
	(432, 1, 7, 6, 'dfasf', '2019-11-21 04:20:33', NULL, NULL),
	(433, 1, 6, 7, 'sdfasf', '2019-11-21 04:20:37', NULL, NULL),
	(434, 1, 2, 7, 'sadfasf', '2019-11-21 04:26:26', NULL, NULL),
	(435, 1, 7, 2, 'okk\n', '2019-11-21 04:26:34', NULL, NULL),
	(436, 1, 7, 2, 'nice\n', '2019-11-21 04:26:38', NULL, NULL),
	(437, 1, 7, 2, 'yes\n', '2019-11-21 04:26:43', NULL, NULL),
	(438, 1, 2, 7, 'job done\n', '2019-11-21 04:26:56', NULL, NULL),
	(439, 1, 6, 7, 'dsfas', '2019-11-21 04:27:33', NULL, NULL),
	(440, 1, 2, 7, 'hello\n', '2019-11-21 04:36:22', NULL, NULL),
	(441, 1, 7, 2, 'okkkk\n', '2019-11-21 04:36:38', NULL, NULL),
	(442, 1, 2, 7, 'ui\n', '2019-11-21 04:37:00', NULL, NULL),
	(443, 1, 2, 7, 'nope\n', '2019-11-21 04:37:04', NULL, NULL),
	(444, 1, 6, 2, 'dfasf', '2019-11-22 03:50:28', NULL, NULL),
	(445, 1, 6, 3, 'ok\n', '2019-11-22 03:53:06', NULL, NULL),
	(446, 1, 6, 2, 'Hi Rasel khan', '2019-11-23 13:31:02', NULL, NULL),
	(447, 1, 2, 6, 'Hello shuvo', '2019-11-23 13:31:16', NULL, NULL),
	(448, 1, 6, 2, 'Sei obostha', '2019-11-23 13:31:26', NULL, NULL),
	(449, 1, 6, 2, 'Vayo', '2019-11-23 13:31:29', NULL, NULL),
	(450, 1, 2, 6, 'Yes', '2019-11-23 13:31:38', NULL, NULL),
	(451, 1, 6, 2, 'Heii', '2019-11-23 13:33:11', NULL, NULL),
	(452, 1, 2, 6, 'Hi', '2019-11-23 14:57:31', NULL, NULL),
	(453, 1, 6, 2, 'Hello', '2019-11-23 14:57:41', NULL, NULL),
	(454, 1, 2, 6, 'Okkk', '2019-11-23 14:57:53', NULL, NULL),
	(455, 1, 6, 2, 'Ok2', '2019-11-23 14:58:23', NULL, NULL),
	(456, 1, 6, 2, 'Z', '2019-11-23 14:59:15', NULL, NULL),
	(457, 1, 6, 2, 'hello\n', '2019-11-25 02:38:48', NULL, NULL),
	(458, 1, 2, 6, 'hello kabir\n', '2019-11-25 02:51:50', NULL, NULL),
	(459, 1, 2, 6, 'ok\n', '2019-11-25 02:52:23', NULL, NULL),
	(460, 1, 7, 6, 'hi\n', '2019-11-25 05:24:50', NULL, NULL),
	(461, 1, 6, 7, 'hello\n', '2019-11-25 05:25:00', NULL, NULL),
	(462, 1, 6, 7, 'hello\n', '2019-11-25 05:58:51', NULL, NULL),
	(463, 1, 6, 7, 'okkk rahman\n', '2019-11-25 05:59:52', NULL, NULL),
	(464, 1, 2, 6, 'sadfasf', '2019-11-25 08:48:48', NULL, NULL),
	(465, 1, 2, 6, 'dfasf', '2019-11-25 08:49:07', NULL, NULL),
	(466, 1, 2, 6, 'sadfsaf', '2019-11-25 08:49:12', NULL, NULL),
	(467, 1, 7, 6, 'okk\n', '2019-11-25 08:52:36', NULL, NULL),
	(468, 1, 7, 6, 'sdfasf', '2019-11-25 08:53:21', NULL, NULL),
	(469, 1, 7, 6, 'asdfasf', '2019-11-25 08:53:40', NULL, NULL),
	(470, 1, 7, 6, 'asdfasf', '2019-11-25 08:53:49', NULL, NULL),
	(471, 1, 7, 6, 'asdf', '2019-11-25 08:55:21', NULL, NULL),
	(472, 1, 7, 6, 'sdfasf', '2019-11-25 08:56:43', NULL, NULL),
	(473, 1, 7, 6, 'dsfsaf', '2019-11-25 08:56:55', NULL, NULL),
	(474, 1, 7, 6, 'sdfasf', '2019-11-25 08:57:14', NULL, NULL),
	(475, 1, 7, 6, 'asdf', '2019-11-25 08:57:21', NULL, NULL),
	(476, 1, 2, 6, 'sadf', '2019-11-25 10:17:29', NULL, NULL),
	(477, 1, 2, 7, 'sadf', '2019-11-25 10:17:49', NULL, NULL),
	(478, 1, 7, 2, 'asdfasf', '2019-11-25 10:28:26', NULL, NULL),
	(479, 1, 2, 7, 'sadfaf', '2019-11-25 10:28:45', NULL, NULL),
	(480, 1, 7, 2, 'sfdasf', '2019-11-25 10:28:51', NULL, NULL),
	(481, 1, 6, 7, 'dfasf\n', '2019-11-26 04:08:14', NULL, NULL),
	(482, 1, 6, 2, 'adsfasf', '2019-11-26 04:11:56', NULL, NULL),
	(483, 1, 6, 2, 'sadfasf', '2019-11-26 04:20:53', NULL, NULL),
	(484, 1, 6, 2, 'sadfasf', '2019-11-26 04:21:26', NULL, NULL),
	(485, 1, 6, 2, 'afdasf', '2019-11-26 04:22:47', NULL, NULL),
	(486, 1, 6, 2, 'ddd', '2019-11-26 04:23:08', NULL, NULL),
	(487, 1, 6, 2, 'ddddd', '2019-11-26 04:28:44', NULL, NULL),
	(488, 1, 6, 2, 'd', '2019-11-26 04:29:15', NULL, NULL),
	(489, 1, 6, 2, 'asdfasffasdddddddddddddddddddddddddddddddddddddddddddddddddddddddddddddddddddddddddddddddddd', '2019-11-26 04:37:47', NULL, NULL),
	(490, 1, 6, 2, 'ddd', '2019-11-26 04:38:09', NULL, NULL),
	(491, 1, 6, 3, 'dasfasf', '2019-11-26 04:39:54', NULL, NULL),
	(492, 1, 6, 2, 'ddd', '2019-11-26 04:51:44', NULL, NULL),
	(493, 1, 6, 2, 'dd', '2019-11-26 04:51:50', NULL, NULL),
	(494, 1, 6, 2, 'ok\n', '2019-11-26 05:23:41', NULL, NULL),
	(495, 1, 7, 2, 'asdf', '2019-11-26 05:26:26', NULL, NULL),
	(496, 1, 7, 6, 'ddd', '2019-11-26 05:26:44', NULL, NULL),
	(497, 1, 7, 2, 'ddd', '2019-11-26 05:27:21', NULL, NULL),
	(498, 1, 6, 2, 'ddd', '2019-11-26 05:28:17', NULL, NULL),
	(499, 1, 6, 2, 'dddd', '2019-11-26 05:28:21', NULL, NULL),
	(500, 1, 6, 2, 'ddddddddddddddddddddddddddddddddddddddddddddddddd', '2019-11-26 05:42:41', NULL, NULL),
	(501, 1, 6, 2, 'dsaffffffffffffffffffffffffffffffffffffffffffffffffffffffffffffffffffffffffffffffffffffffffffffffffffffffffffffffffffffffffffffffffffffffffffffffffffffffffffffff', '2019-11-26 05:45:34', NULL, NULL),
	(502, 1, 6, 7, 'fsadf', '2019-11-26 05:50:53', NULL, NULL),
	(503, 1, 6, 3, 'dddddd', '2019-11-26 05:51:06', NULL, NULL),
	(504, 1, 6, 3, 'dasfa', '2019-11-26 05:52:19', NULL, NULL),
	(505, 1, 3, 6, 'okkkkk\n', '2019-11-26 05:52:52', NULL, NULL),
	(506, 1, 3, 6, 'dddddddddddddddddddddddddddddddddddddddddddddddddddddddddddddddddddddddd', '2019-11-26 05:53:20', NULL, NULL),
	(507, 1, 3, 6, 'dfas', '2019-11-26 05:56:13', NULL, NULL),
	(508, 1, 3, 6, 'd', '2019-11-26 05:57:18', NULL, NULL),
	(509, 1, 6, 3, 'yaap\n', '2019-11-26 05:57:33', NULL, NULL),
	(510, 1, 3, 6, 'ddd\n', '2019-11-26 05:59:39', NULL, NULL),
	(511, 1, 6, 3, 'oo\n', '2019-11-26 05:59:47', NULL, NULL),
	(512, 1, 6, 3, 'dsaf', '2019-11-26 06:00:10', NULL, NULL),
	(513, 1, 3, 6, 'dd', '2019-11-26 06:01:23', NULL, NULL),
	(514, 1, 6, 3, 'yes\n', '2019-11-26 06:01:30', NULL, NULL),
	(515, 1, 6, 3, 'hi\n', '2019-11-26 06:04:05', NULL, NULL),
	(516, 1, 3, 6, 'hello\n', '2019-11-26 06:04:13', NULL, NULL),
	(517, 1, 6, 3, 'how are you\n', '2019-11-26 06:04:25', NULL, NULL),
	(518, 1, 6, 3, 'i am fine\n', '2019-11-26 06:04:33', NULL, NULL),
	(519, 1, 6, 7, 'ddd', '2019-11-26 06:40:54', NULL, NULL),
	(520, 1, 6, 2, 'dddd', '2019-11-26 07:11:34', NULL, NULL),
	(521, 1, 2, 6, 'ddddd', '2019-11-26 07:14:29', NULL, NULL),
	(522, 1, 2, 6, 'abc\n', '2019-11-26 07:14:56', NULL, NULL),
	(523, 1, 2, 6, 'Ki obostha khan shaheb ?\n', '2019-11-26 07:38:36', NULL, NULL),
	(524, 1, 2, 7, 'Ki obostha ?\n', '2019-11-26 07:39:47', NULL, NULL),
	(525, 1, 2, 3, 'Ki obostha ?\n', '2019-11-26 07:40:03', NULL, NULL),
	(526, 1, 2, 7, 'sadf\n', '2019-11-26 07:41:22', NULL, NULL),
	(527, 1, 6, 7, 'dddd', '2019-11-26 08:51:41', NULL, NULL),
	(528, 1, 3, 2, 'gfsd', '2019-11-26 08:58:36', NULL, NULL),
	(529, 1, 2, 7, 'pp\n', '2019-11-26 09:03:06', NULL, NULL),
	(530, 1, 2, 7, 'yy\n', '2019-11-26 09:06:30', NULL, NULL),
	(531, 1, 6, 7, 'dsfasf\n', '2019-11-26 09:14:31', NULL, NULL),
	(532, 1, 6, 7, 'okkkk\n', '2019-11-26 09:19:05', NULL, NULL),
	(533, 1, 6, 7, 'ggg', '2019-11-26 09:24:30', NULL, NULL),
	(534, 1, 3, 2, 'dd', '2019-11-26 09:40:32', NULL, NULL),
	(535, 1, 6, 3, 'ddddddddd', '2019-11-26 09:42:18', NULL, NULL),
	(536, 1, 3, 6, 'hhhhh\n', '2019-11-26 09:47:09', NULL, NULL),
	(537, 1, 3, 6, 'jjjjj\n', '2019-11-26 09:48:16', NULL, NULL),
	(538, 1, 2, 3, 'h', '2019-11-26 09:50:48', NULL, NULL),
	(539, 1, 2, 7, 'ddd', '2019-11-26 09:53:57', NULL, NULL),
	(540, 1, 2, 7, 'ttttttttttt', '2019-11-26 09:54:24', NULL, NULL),
	(541, 1, 6, 2, 'hello\n', '2019-11-26 10:24:09', NULL, NULL),
	(542, 1, 6, 2, 'whats u[\n', '2019-11-26 10:24:35', NULL, NULL),
	(543, 1, 6, 2, 'okkk\n', '2019-11-26 10:44:45', NULL, NULL),
	(544, 1, 6, 7, 'uu\n', '2019-11-26 10:45:28', NULL, NULL),
	(545, 1, 6, 2, 'dddd', '2019-11-26 10:46:37', NULL, NULL),
	(546, 1, 6, 2, 'dddd', '2019-11-26 10:48:37', NULL, NULL),
	(547, 1, 6, 2, 'dd', '2019-11-26 10:50:58', NULL, NULL),
	(548, 1, 6, 7, 'ddd', '2019-11-26 11:17:57', NULL, NULL),
	(549, 1, 6, 7, 'fff', '2019-11-26 11:18:13', NULL, NULL),
	(550, 1, 6, 7, 'fff', '2019-11-26 11:18:16', NULL, NULL),
	(551, 1, 6, 2, 'dd', '2019-11-26 11:18:55', NULL, NULL),
	(552, 1, 6, 2, 'okk\n', '2019-11-26 11:19:41', NULL, NULL),
	(553, 1, 6, 2, 'now\n', '2019-11-26 11:19:46', NULL, NULL),
	(554, 1, 6, 2, 'welcome\n', '2019-11-26 11:19:51', NULL, NULL),
	(555, 1, 6, 2, 'dddddddddddddddddddddddddddddddddddddddddddddddddddddddddddddddddddddddddddddddddddddddddddddddddddddddddddddddddddddddddddddddddddddddddddddddddddddddddddddddddddddddddddddddddddddddddddddddddddddddddddddddddddddddddddasdffffffffffffffffffffffffffffffffffffffffffffffffffffffffffffffffffffffffffffffffffffffffffffffffffffffffffddddddddddddddddddddddddddddddddddddddddddddddddddddddddddddddddddddddddddddddddddddddddddddddddddddddddddddddddddddddddddddddddddddddddddddddddddddddddddddddddddddddddddddddddddddddddddddddddddddddddddddddddddddddddddddddddddddddddddddddddddddddddddddddddddddddddddddddddddddddddddddddddddddddddddddddddddddddddddddddddddddddddddddddddddddddddddddddd', '2019-11-26 11:22:15', NULL, NULL),
	(556, 1, 17, 2, 'efgdf\n', '2019-11-26 11:38:34', NULL, NULL),
	(557, 1, 2, 17, 'yo\n', '2019-11-26 11:39:17', NULL, NULL),
	(558, 1, 2, 17, 'bri\n', '2019-11-26 11:39:24', NULL, NULL),
	(559, 1, 2, 7, 'bro\n', '2019-11-26 11:39:34', NULL, NULL),
	(560, 1, 6, 2, 'okkk\n', '2019-11-26 11:44:40', NULL, NULL),
	(561, 1, 6, 2, 'how are you\n', '2019-11-26 11:44:45', NULL, NULL),
	(562, 1, 7, 2, 'hhh', '2019-11-27 06:12:05', NULL, NULL),
	(563, 1, 6, 3, 'hi\n', '2019-11-27 08:28:26', NULL, NULL),
	(564, 1, 6, 2, 'dddddddddddddd', '2019-11-27 08:29:13', NULL, NULL),
	(565, 1, 3, 6, 'hello\n', '2019-11-27 08:31:32', NULL, NULL),
	(566, 1, 6, 3, 'ddd', '2019-11-27 08:35:24', NULL, NULL),
	(567, 1, 6, 3, 'hello kabir\n', '2019-11-27 08:37:49', NULL, NULL),
	(568, 1, 6, 3, 'hi\n', '2019-11-27 08:38:12', NULL, NULL),
	(569, 1, 3, 6, 'how are you\n', '2019-11-27 08:38:25', NULL, NULL),
	(570, 1, 3, 6, 'i am fine\n', '2019-11-27 08:38:32', NULL, NULL),
	(571, 1, 6, 3, 'ddd', '2019-11-27 08:43:47', NULL, NULL),
	(572, 1, 2, 6, 'okkk kabir\n', '2019-11-27 08:55:37', NULL, NULL),
	(573, 1, 6, 2, 'hello\n', '2019-11-27 08:56:18', NULL, NULL),
	(574, 1, 6, 2, 'welcome\n', '2019-11-27 09:21:34', NULL, NULL),
	(575, 1, 6, 2, 'nice\n', '2019-11-27 09:22:37', NULL, NULL),
	(576, 1, 3, 6, 'hi\n', '2019-11-27 09:46:34', NULL, NULL),
	(577, 1, 6, 3, 'hello\n', '2019-11-27 09:46:45', NULL, NULL),
	(578, 1, 1, 2, 'hello\n', '2019-11-27 11:08:04', NULL, NULL),
	(579, 1, 1, 6, 'okk\n', '2019-11-27 11:08:20', NULL, NULL),
	(580, 1, 6, 3, 'okk\n', '2019-11-27 11:09:14', NULL, NULL),
	(581, 1, 2, 6, 'hello\n', '2019-11-27 11:12:26', NULL, NULL),
	(582, 1, 6, 3, 'hiiiii\n', '2019-11-27 11:16:43', NULL, NULL),
	(583, 1, 3, 6, 'hi\n', '2019-11-27 11:19:48', NULL, NULL),
	(584, 1, 2, 3, 'Ok', '2019-11-27 16:18:26', NULL, NULL),
	(585, 1, 2, 6, 'U', '2019-11-27 16:18:54', NULL, NULL),
	(586, 1, 2, 14, 'Hhh', '2019-11-27 16:21:26', NULL, NULL),
	(587, 1, 7, 6, 'hi\n', '2019-11-28 02:44:01', NULL, NULL),
	(588, 1, 2, 6, 'hi\n', '2019-11-28 02:48:28', NULL, NULL),
	(589, 1, 2, 6, 'hi\n', '2019-11-28 02:51:35', NULL, NULL),
	(590, 1, 6, 2, 'ddd', '2019-11-28 02:51:42', NULL, NULL),
	(591, 1, 2, 6, 'hello\n', '2019-11-28 04:06:31', NULL, NULL),
	(592, 1, 17, 2, 'okk\n', '2019-11-28 04:40:31', NULL, NULL),
	(593, 1, 7, 6, 'dddd', '2019-11-28 04:41:12', NULL, NULL),
	(594, 1, 3, 6, 'hi\n', '2019-11-28 05:11:02', NULL, NULL),
	(595, 1, 3, 6, 'okkk\n', '2019-11-28 05:11:50', NULL, NULL),
	(596, 1, 2, 17, 'dddd', '2019-11-28 05:13:54', NULL, NULL),
	(597, 1, 2, 6, 'ddd', '2019-11-28 05:14:04', NULL, NULL),
	(598, 1, 3, 6, 'hello\n', '2019-11-28 06:06:00', NULL, NULL),
	(599, 1, 3, 6, 'ok\n', '2019-11-28 06:13:03', NULL, NULL),
	(600, 1, 2, 6, 'hi kabir vai\n', '2019-11-28 06:36:42', NULL, NULL),
	(601, 1, 6, 2, 'how are you\n', '2019-11-28 06:36:51', NULL, NULL),
	(602, 1, 6, 2, 'okk\n', '2019-11-28 06:43:56', NULL, NULL),
	(603, 1, 6, 2, 'hello\n', '2019-11-28 06:44:12', NULL, NULL),
	(604, 1, 2, 6, 'now\n', '2019-11-28 06:44:39', NULL, NULL),
	(605, 1, 2, 6, 'now \n', '2019-11-28 06:44:49', NULL, NULL),
	(606, 1, 2, 6, 'welcome\n', '2019-11-28 06:45:09', NULL, NULL),
	(607, 1, 6, 2, 'ddd', '2019-11-28 06:45:25', NULL, NULL),
	(608, 1, 2, 6, 'ddd', '2019-11-28 06:46:06', NULL, NULL),
	(609, 1, 2, 6, 'dd', '2019-11-28 06:46:15', NULL, NULL),
	(610, 1, 2, 6, 'hello kabir vai\n', '2019-11-28 09:29:40', NULL, NULL),
	(611, 1, 2, 6, 'how are u\n', '2019-11-28 09:29:47', NULL, NULL),
	(612, 1, 6, 2, 'i am fine\n', '2019-11-28 09:29:55', NULL, NULL),
	(613, 1, 2, 6, 'hello kabir vai\n', '2019-11-28 09:31:40', NULL, NULL),
	(614, 1, 2, 6, 'hi\n', '2019-11-28 09:32:34', NULL, NULL),
	(615, 1, 2, 6, 'ddd\n', '2019-11-28 09:32:45', NULL, NULL),
	(616, 1, 2, 6, 'okk\n', '2019-11-28 09:33:01', NULL, NULL),
	(617, 1, 7, 6, 'hello rahman\n', '2019-11-28 09:39:26', NULL, NULL),
	(618, 1, 2, 7, 'Ok', '2019-11-28 13:15:20', NULL, NULL),
	(619, 1, 2, 6, 'Okkk', '2019-11-28 13:20:18', NULL, NULL),
	(620, 1, 6, 2, 'Okk', '2019-11-28 14:32:59', NULL, NULL),
	(621, 1, 6, 2, 'No', '2019-11-28 14:33:03', NULL, NULL),
	(622, 1, 6, 2, 'Okk', '2019-11-28 15:20:56', NULL, NULL),
	(623, 1, 6, 2, 'U', '2019-11-28 15:21:11', NULL, NULL),
	(624, 1, 6, 7, 'Okkk', '2019-11-28 15:22:02', NULL, NULL),
	(625, 1, 6, 1, 'Okkk', '2019-11-28 15:24:06', NULL, NULL),
	(626, 1, 6, 1, 'Ooo', '2019-11-28 15:24:33', NULL, NULL),
	(627, 1, 6, 1, 'Ooo', '2019-11-28 15:24:53', NULL, NULL),
	(628, 1, 6, 1, 'Uu', '2019-11-28 15:25:01', NULL, NULL),
	(629, 1, 2, 15, 'Hi', '2019-11-29 14:40:04', NULL, NULL),
	(630, 1, 2, 6, 'Error ', '2019-11-29 14:46:23', NULL, NULL),
	(631, 1, 2, 6, 'okk\n', '2019-12-02 06:32:39', NULL, NULL),
	(632, 1, 6, 2, 'yes\n', '2019-12-02 06:32:58', NULL, NULL),
	(633, 1, 2, 6, 'd', '2019-12-02 06:35:26', NULL, NULL),
	(634, 1, 6, 2, 'd', '2019-12-02 06:35:42', NULL, NULL),
	(635, 1, 6, 7, 'hi\n', '2019-12-03 05:25:45', NULL, NULL),
	(636, 1, 6, 7, 'hello\n', '2019-12-03 05:26:15', NULL, NULL),
	(637, 1, 7, 6, 'dd', '2019-12-03 05:29:03', NULL, NULL),
	(638, 1, 6, 7, 'dddd', '2019-12-03 05:35:45', NULL, NULL),
	(639, 1, 7, 6, 'new \n', '2019-12-03 05:35:55', NULL, NULL),
	(640, 1, 6, 7, 'yes\n', '2019-12-03 05:36:03', NULL, NULL),
	(641, 1, 6, 7, 'no\n', '2019-12-03 05:36:08', NULL, NULL),
	(642, 1, 6, 2, 'hi\n', '2019-12-04 05:32:57', NULL, NULL),
	(643, 1, 2, 17, 'dd', '2019-12-04 05:33:42', NULL, NULL),
	(644, 1, 2, 7, 'dddd', '2019-12-04 05:34:07', NULL, NULL),
	(645, 1, 7, 2, 'ddd', '2019-12-04 05:35:34', NULL, NULL),
	(646, 1, 7, 6, 'okk\n', '2019-12-04 05:44:38', NULL, NULL),
	(647, 1, 2, 7, 'Hi', '2019-12-04 13:40:57', NULL, NULL),
	(648, 1, 3, 6, 'hey\n', '2019-12-06 09:40:52', NULL, NULL),
	(649, 1, 3, 6, 'how are you\n', '2019-12-06 09:40:59', NULL, NULL),
	(650, 1, 6, 3, 'yes\n', '2019-12-06 09:41:19', NULL, NULL),
	(651, 1, 3, 6, 'nope\n', '2019-12-06 09:41:36', NULL, NULL),
	(652, 1, 7, 2, 'fff', '2019-12-11 03:01:58', NULL, NULL),
	(653, 1, 3, 2, 'hello\n', '2019-12-11 03:54:36', NULL, NULL),
	(654, 1, 6, 2, 'hello\n', '2019-12-11 03:55:19', NULL, NULL),
	(655, 1, 17, 2, 'okk\n', '2019-12-11 03:55:38', NULL, NULL),
	(656, 1, 7, 2, 'hello\n', '2019-12-11 03:56:04', NULL, NULL),
	(657, 1, 7, 2, 'new\n', '2019-12-11 03:56:33', NULL, NULL),
	(658, 1, 7, 2, 'now\n', '2019-12-11 03:56:37', NULL, NULL),
	(659, 1, 7, 2, 'no\n', '2019-12-11 03:56:41', NULL, NULL),
	(660, 1, 2, 7, 'okk\n', '2019-12-11 03:56:46', NULL, NULL),
	(661, 1, 17, 2, 'dddd\n', '2019-12-11 03:57:33', NULL, NULL),
	(662, 1, 2, 17, 'hello\n', '2019-12-11 03:57:44', NULL, NULL),
	(663, 1, 2, 17, 'yes\n', '2019-12-11 03:58:02', NULL, NULL),
	(664, 1, 17, 2, 'ddd', '2019-12-11 03:58:11', NULL, NULL),
	(665, 1, 1, 2, 'hello admin\n', '2019-12-11 03:59:23', NULL, NULL),
	(666, 1, 1, 2, 'ff', '2019-12-11 04:02:03', NULL, NULL),
	(667, 1, 6, 2, 'd\n', '2019-12-11 04:08:58', NULL, NULL),
	(668, 1, 6, 2, 'okk\n', '2019-12-11 04:11:53', NULL, NULL),
	(669, 1, 2, 6, 'hi\n', '2019-12-11 05:30:42', NULL, NULL),
	(670, 1, 2, 6, 'ok\n', '2019-12-11 05:31:01', NULL, NULL),
	(671, 1, 2, 6, 'yes\n', '2019-12-11 05:31:07', NULL, NULL),
	(672, 1, 3, 17, 'ddd', '2019-12-13 08:39:18', NULL, NULL),
	(673, 1, 6, 7, 'dd', '2019-12-13 08:39:43', NULL, NULL),
	(674, 1, 7, 6, 'hi\n', '2019-12-13 08:39:51', NULL, NULL),
	(675, 1, 6, 7, 'ddd\n', '2019-12-13 08:43:31', NULL, NULL),
	(676, 1, 6, 7, 'okk\n', '2019-12-13 08:43:42', NULL, NULL),
	(677, 1, 7, 6, 'dd\n', '2019-12-13 08:43:49', NULL, NULL),
	(678, 1, 7, 6, 'uuuu\n', '2019-12-13 08:44:04', NULL, NULL),
	(679, 1, 2, 3, 'hello\n', '2019-12-16 07:00:41', NULL, NULL),
	(680, 1, 2, 3, 'doesn\'t support Japanese?\n', '2019-12-16 07:00:52', NULL, NULL),
	(681, 1, 2, 7, 'hello', '2019-12-20 02:40:29', NULL, NULL),
	(682, 1, 2, 6, 'hello', '2019-12-20 02:40:38', NULL, NULL),
	(683, 1, 2, 8, 'hello', '2019-12-20 02:40:56', NULL, NULL),
	(684, 1, 7, 6, 'ddd', '2019-12-20 03:02:28', NULL, NULL),
	(685, 1, 6, 7, 'dddd', '2019-12-20 03:46:03', NULL, NULL),
	(686, 1, 6, 7, 'hello\n', '2019-12-20 03:59:40', NULL, NULL),
	(687, 1, 6, 7, 'd\n', '2019-12-20 04:06:09', NULL, NULL),
	(688, 1, 7, 6, 'ddd', '2019-12-20 04:07:15', NULL, NULL),
	(689, 1, 6, 7, 'okkk now\n', '2019-12-20 04:08:37', NULL, NULL),
	(690, 1, 6, 7, 'd', '2019-12-20 04:10:31', NULL, NULL),
	(691, 1, 7, 6, 'kkk\n', '2019-12-20 05:33:40', NULL, NULL),
	(692, 1, 6, 7, 'ggggg\n', '2019-12-20 05:34:12', NULL, NULL),
	(693, 1, 7, 6, 'ngvhg\n', '2019-12-20 05:34:28', NULL, NULL),
	(694, 1, 7, 6, 'ssdss\n', '2019-12-20 05:38:26', NULL, NULL),
	(695, 1, 3, 6, 'ddd', '2019-12-20 05:49:39', NULL, NULL),
	(696, 1, 3, 6, 'ddd', '2019-12-20 05:51:18', NULL, NULL),
	(697, 1, 6, 2, 'hu', '2019-12-20 06:13:25', NULL, NULL),
	(698, 1, 2, 6, 'hi', '2019-12-20 06:14:23', NULL, NULL),
	(699, 1, 6, 7, 'ddd', '2019-12-20 10:27:32', NULL, NULL),
	(700, 1, 7, 6, 'ddd', '2019-12-20 10:28:31', NULL, NULL),
	(701, 1, 7, 6, 'ddd', '2019-12-20 10:37:30', NULL, NULL),
	(702, 1, 7, 6, 'ddd', '2019-12-20 10:38:51', NULL, NULL),
	(703, 1, 2, 7, 'hi\n', '2019-12-23 09:42:44', NULL, NULL),
	(704, 1, 7, 2, 'okk\n', '2019-12-23 09:42:52', NULL, NULL),
	(705, 1, 6, 2, 'd\n', '2020-01-03 08:34:18', NULL, NULL),
	(706, 1, 6, 2, 'okk\n', '2020-01-03 08:34:24', NULL, NULL);
/*!40000 ALTER TABLE `table_chats` ENABLE KEYS */;

-- Dumping structure for table auction_db.table_companies
CREATE TABLE IF NOT EXISTS `table_companies` (
  `CompanyId` int(11) NOT NULL AUTO_INCREMENT,
  `CompanyName` varchar(255) NOT NULL,
  `TypeOfIndustry` int(11) DEFAULT NULL,
  `ContactName` varchar(255) DEFAULT NULL,
  `Address` varchar(255) NOT NULL,
  `Phone1` varchar(50) DEFAULT NULL,
  `Phone2` varchar(50) DEFAULT NULL,
  `CreatedBy` int(11) DEFAULT NULL,
  `UpdatedBy` int(11) DEFAULT NULL,
  `CreateDate` timestamp NOT NULL DEFAULT current_timestamp(),
  `UpdateDate` datetime DEFAULT NULL ON UPDATE current_timestamp(),
  PRIMARY KEY (`CompanyId`)
) ENGINE=InnoDB AUTO_INCREMENT=20 DEFAULT CHARSET=latin1;

-- Dumping data for table auction_db.table_companies: ~18 rows (approximately)
/*!40000 ALTER TABLE `table_companies` DISABLE KEYS */;
INSERT INTO `table_companies` (`CompanyId`, `CompanyName`, `TypeOfIndustry`, `ContactName`, `Address`, `Phone1`, `Phone2`, `CreatedBy`, `UpdatedBy`, `CreateDate`, `UpdateDate`) VALUES
	(1, 'SOL', 1, 'Mahfuz Rahman', 'NYC,USA', '45654765', '', NULL, NULL, '2019-10-21 06:21:08', '2019-12-06 10:49:26'),
	(2, 'KIA', 1, 'Andro Windo', 'NYC,USA', '4565476534', '', NULL, NULL, '2019-10-21 10:48:40', '2019-12-06 10:49:26'),
	(3, 'Hyder Co', 1, 'Hyder Hossen Khan', 'Tokoyo,JP', '9876546', '', NULL, NULL, '2019-10-21 10:50:24', '2019-12-06 10:49:26'),
	(5, 'N group', 1, 'Mam', '12, alfa beta gam', '01923130000', '019223000', NULL, NULL, '2019-10-28 11:16:55', '2019-12-12 11:10:49'),
	(6, 'SOL2', 1, 'Mahfuz Rahman', 'NYC,USA', '45654765', '', NULL, NULL, '2019-11-04 09:17:44', '2019-12-06 10:49:26'),
	(7, 'khan group', 2, '1234567890', 'rweqrqwr', '12345678', '12345678', NULL, NULL, '2019-11-05 11:09:51', '2019-12-06 10:49:10'),
	(8, 'Laplace', 2, '1234567890', 'Dhaka,Bangladesh', '1234567890', '1234567890', NULL, NULL, '2019-11-06 02:40:49', '2019-12-06 10:49:10'),
	(9, 'Laplace games', 2, 'Charles Fujisaki', 'Shibuya -ku Tokyo , Japan', '1234567890', '12345678901', NULL, NULL, '2019-11-06 13:47:22', '2019-12-06 10:49:10'),
	(10, 'Laplace Games Holldings', 3, 'Charles Fujisaki', 'Shibuya -ku Tokyo , Japan', '1234567890', '12345678901', NULL, NULL, '2019-11-06 13:49:17', '2019-12-06 10:52:07'),
	(11, 'dhaka electric', 3, '1234567890', 'dhaka', '123456789', '123456789', NULL, NULL, '2019-11-07 02:26:52', '2019-12-06 10:52:37'),
	(12, 'Laplace-123', 3, 'Mahfuz Rahman', 'NYC,USA', '45654765', '', NULL, NULL, '2019-11-07 03:09:32', '2019-12-06 10:52:37'),
	(13, 'Papa group', 3, 'Mama', 'sdfa', '1231', '123', NULL, NULL, '2019-11-07 05:44:21', '2019-12-06 10:52:37'),
	(14, 'unknown', 3, 'unknown', 'dhaka', '123456', '123456', NULL, NULL, '2019-11-10 09:54:25', '2019-12-06 10:52:37'),
	(15, 'Rahman Group', 3, 'Abdur Rahman', '44/C', '923941', '1292932', NULL, NULL, '2019-11-26 07:00:09', '2019-12-06 10:52:07'),
	(16, 'SOL21', 4, 'Mahfuz Rahman', 'NYC,USA', '45654765', '', NULL, NULL, '2019-11-26 07:11:25', '2019-12-06 10:51:47'),
	(17, 'new company of sol', 4, 'Rahman', 'dhaka', '00933454', '098765553425', NULL, NULL, '2019-12-04 10:52:16', '2019-12-06 10:53:03'),
	(18, 'kabir company', 1, 'kabir', 'Dhaka', '1111', '2222', NULL, NULL, '2019-12-09 11:23:50', NULL),
	(19, 'jon smith company', 8, 'raj', 'new york', '44444', '44444', NULL, NULL, '2019-12-10 10:56:07', NULL);
/*!40000 ALTER TABLE `table_companies` ENABLE KEYS */;

-- Dumping structure for table auction_db.table_connections
CREATE TABLE IF NOT EXISTS `table_connections` (
  `user_id` int(10) DEFAULT NULL,
  `socket_id` varchar(100) DEFAULT NULL,
  `UserTypeId` int(11) DEFAULT NULL,
  `CompanyId` int(11) DEFAULT NULL,
  `FullName` varchar(255) DEFAULT NULL,
  `Email` varchar(255) DEFAULT NULL
) ENGINE=InnoDB DEFAULT CHARSET=latin1;

-- Dumping data for table auction_db.table_connections: ~45 rows (approximately)
/*!40000 ALTER TABLE `table_connections` DISABLE KEYS */;
INSERT INTO `table_connections` (`user_id`, `socket_id`, `UserTypeId`, `CompanyId`, `FullName`, `Email`) VALUES
	(7, 'L8bTioYG9YNtzNRQAAAe', 3, NULL, NULL, NULL),
	(6, 'BIPBTNlCeDaUEKU9AAAC', 2, NULL, NULL, NULL),
	(6, '2gAOK6jebEGpiageAAAC', 2, NULL, NULL, NULL),
	(7, 'nlZRwNRF-u0HFSrQAAAC', 3, NULL, NULL, NULL),
	(7, 'XbsK0vRv-eyvV8qTAAAN', 3, NULL, NULL, NULL),
	(6, '_McrTiMQZtfZRTVUAAAE', 2, NULL, NULL, NULL),
	(6, '7Mln4ETKRKv0CRnKAAAD', 2, NULL, NULL, NULL),
	(7, 'R710eJ9_OLzk683FAAAF', 3, NULL, NULL, NULL),
	(6, 'TkG4BOrr8Vj_-7e3AAAF', 2, NULL, NULL, NULL),
	(6, 'N85uygYxYxQb54bxAACo', 2, NULL, NULL, NULL),
	(6, '8WWS53sPIjoRGBMpAAAC', 2, NULL, NULL, NULL),
	(3, 'h2IjD3-M6JKJ07hBAAAG', 3, NULL, NULL, NULL),
	(3, '7zI7gU_Y7bcvj7r2AAAF', 3, NULL, NULL, NULL),
	(6, 'j4NLDwUsUdEfjtFOAAAO', 2, NULL, NULL, NULL),
	(6, 'spJuNI96Jt9_RtuAAAAD', 2, NULL, NULL, NULL),
	(6, 'OVxyzjypKA5bPEneAAAO', 2, NULL, NULL, NULL),
	(6, 'i-6Q2SFwag7ZgedUAAAK', 2, NULL, NULL, NULL),
	(6, 'a15w3TlEBiSHEoIOAAAJ', 2, NULL, NULL, NULL),
	(6, 'cKW355nhZ23M1LC5AAAO', 2, NULL, NULL, NULL),
	(6, '__zLUB8A2Yf4wUo7AAAW', 2, NULL, NULL, NULL),
	(6, 'ZvsdwF_y3GYz-GNSAAAT', 2, NULL, NULL, NULL),
	(6, 'QZU_TFsIQca_7LLAAAAN', 2, NULL, NULL, NULL),
	(6, 'u7nUFP4sIMk-2cjCAAAO', 2, NULL, NULL, NULL),
	(6, 'feUDmTyV-SncLKJBAAAP', 2, NULL, NULL, NULL),
	(6, 'NO5SPMThvM3ohIPVAAAM', 2, NULL, NULL, NULL),
	(6, 'suO3XNeU708dmDJZAAAC', 2, NULL, NULL, NULL),
	(6, 'dpQoEK-phfKJrx2lAAAF', 2, NULL, NULL, NULL),
	(6, 'F1NfIdqs4sjcT7ymAAAH', 2, NULL, NULL, NULL),
	(NULL, NULL, NULL, NULL, NULL, 'rko'),
	(6, 'UmTBEhDQduMtQlFUAAAH', 2, NULL, NULL, NULL),
	(6, 'jGzUOQWyIEJ_4N75AAAC', 2, NULL, NULL, NULL),
	(6, 'xN0yDBJnO6glpmcqAAAD', 2, NULL, NULL, NULL),
	(6, 'Kxxxh_ZDcoctt5WzAAAB', 2, NULL, NULL, NULL),
	(6, 'ZB9dRjxSV7DMfK69AAAA', 2, NULL, NULL, NULL),
	(6, 'qd4934D1GYW2UzkBAAAl', 2, NULL, NULL, NULL),
	(2, '6MvKbxpd1dNdyFqZAAAI', 1, NULL, NULL, NULL),
	(6, 'LhnBkrKZQxe4Bp3TAAAK', 2, NULL, NULL, NULL),
	(6, '_vM4mpKa5swPH4yIAAAO', 2, NULL, NULL, NULL),
	(6, 'HGSkuaJSkz1r0f7CAAAM', 2, NULL, NULL, NULL),
	(6, 'weRUGRawmB7lI9ZpAAAG', 2, NULL, NULL, NULL),
	(6, '7l4C2wAbnnlLwAqwAAAI', 2, NULL, NULL, NULL),
	(6, 'JUaqksK1lqW8EQv1AAAL', 2, NULL, NULL, NULL),
	(2, 'VYBpHAe6nDVMOpjnAAAV', 1, NULL, NULL, NULL),
	(2, 'iuMwUnW3dwxQxHVVAAAH', 1, NULL, NULL, NULL),
	(2, 'EtFeR5i-H72Ji3pjAAAC', 1, NULL, NULL, NULL);
/*!40000 ALTER TABLE `table_connections` ENABLE KEYS */;

-- Dumping structure for table auction_db.table_contracts
CREATE TABLE IF NOT EXISTS `table_contracts` (
  `ContractId` int(11) NOT NULL AUTO_INCREMENT,
  `BuyerId` int(11) NOT NULL,
  `SupplierId` int(11) NOT NULL,
  `EndDate` date NOT NULL,
  `PowerUsage` varchar(50) NOT NULL,
  `CreatedBy` int(11) DEFAULT NULL,
  `UpdatedBy` int(11) NOT NULL,
  `CreateDate` timestamp NULL DEFAULT current_timestamp(),
  `UpdateDate` datetime DEFAULT NULL ON UPDATE current_timestamp(),
  PRIMARY KEY (`ContractId`)
) ENGINE=InnoDB DEFAULT CHARSET=latin1;

-- Dumping data for table auction_db.table_contracts: ~0 rows (approximately)
/*!40000 ALTER TABLE `table_contracts` DISABLE KEYS */;
/*!40000 ALTER TABLE `table_contracts` ENABLE KEYS */;

-- Dumping structure for table auction_db.table_contract_details
CREATE TABLE IF NOT EXISTS `table_contract_details` (
  `ContractDetailId` int(11) NOT NULL AUTO_INCREMENT,
  `ContractId` int(11) NOT NULL,
  `PowerUsage` varchar(50) NOT NULL,
  `CurrentPowerCompany` varchar(255) NOT NULL,
  `BasicUnitPrice` varchar(255) NOT NULL,
  `ElectricityConsumptionUnitPrice` varchar(255) NOT NULL,
  `ContractPower` varchar(255) NOT NULL,
  `LoadFactor` varchar(255) NOT NULL,
  `PeakPower` varchar(255) NOT NULL,
  `PowerConsumptionPerHour` varchar(255) NOT NULL,
  `RemainingContractPeriod` varchar(255) NOT NULL,
  `PenaltyInfo` varchar(255) NOT NULL,
  `CreatedBy` int(11) DEFAULT NULL,
  `UpdatedBy` int(11) NOT NULL,
  `CreateDate` timestamp NULL DEFAULT current_timestamp(),
  `UpdateDate` datetime NOT NULL DEFAULT '0000-00-00 00:00:00' ON UPDATE current_timestamp(),
  PRIMARY KEY (`ContractDetailId`)
) ENGINE=InnoDB DEFAULT CHARSET=latin1;

-- Dumping data for table auction_db.table_contract_details: ~0 rows (approximately)
/*!40000 ALTER TABLE `table_contract_details` DISABLE KEYS */;
/*!40000 ALTER TABLE `table_contract_details` ENABLE KEYS */;

-- Dumping structure for table auction_db.table_documents
CREATE TABLE IF NOT EXISTS `table_documents` (
  `DocId` int(11) NOT NULL AUTO_INCREMENT,
  `DocName` varchar(255) NOT NULL,
  `UploadLocation` varchar(255) NOT NULL,
  `AuctionId` int(11) DEFAULT NULL,
  `UserId` int(11) unsigned DEFAULT NULL,
  `BidId` int(11) DEFAULT NULL,
  `IsAuctionDoc` tinyint(1) DEFAULT 0,
  `IsUserProfileDoc` tinyint(1) DEFAULT 0,
  `IsBidDoc` tinyint(1) DEFAULT 0,
  `IsAmendment` tinyint(1) NOT NULL DEFAULT 0,
  `AmendmentId` int(11) DEFAULT NULL,
  `CreatedBy` int(11) NOT NULL,
  `UpdatedBy` int(11) DEFAULT NULL,
  `CreateDate` timestamp NOT NULL DEFAULT current_timestamp(),
  `UpdateDate` datetime NOT NULL DEFAULT '0000-00-00 00:00:00' ON UPDATE current_timestamp(),
  `IsDeleted` tinyint(1) NOT NULL DEFAULT 0 COMMENT '1 for deleted 0 for not deleted',
  PRIMARY KEY (`DocId`)
) ENGINE=InnoDB AUTO_INCREMENT=378 DEFAULT CHARSET=latin1;

-- Dumping data for table auction_db.table_documents: ~375 rows (approximately)
/*!40000 ALTER TABLE `table_documents` DISABLE KEYS */;
INSERT INTO `table_documents` (`DocId`, `DocName`, `UploadLocation`, `AuctionId`, `UserId`, `BidId`, `IsAuctionDoc`, `IsUserProfileDoc`, `IsBidDoc`, `IsAmendment`, `AmendmentId`, `CreatedBy`, `UpdatedBy`, `CreateDate`, `UpdateDate`, `IsDeleted`) VALUES
	(1, 'auction_file__1572518645312_.jpg', 'auctions\\auction_file__1572518645312_.jpg', 0, 7, NULL, 0, 1, 0, 0, NULL, 7, NULL, '2019-10-31 10:44:05', '2019-12-12 09:18:33', 1),
	(2, 'bid_file__1572518718248_.jpg', 'bids\\bid_file__1572518718248_.jpg', 1, NULL, 1, 0, 0, 1, 0, NULL, 6, NULL, '2019-10-31 10:45:18', '2019-11-12 08:51:03', 1),
	(3, 'auction_file__1572609102702_.jpg', 'auctions\\auction_file__1572609102702_.jpg', 2, NULL, NULL, 1, 0, 0, 0, NULL, 7, NULL, '2019-11-01 11:51:42', '0000-00-00 00:00:00', 0),
	(4, 'bid_file__1572609218773_.jpg', 'bids\\bid_file__1572609218773_.jpg', 2, NULL, 2, 0, 0, 1, 0, NULL, 6, NULL, '2019-11-01 11:53:39', '0000-00-00 00:00:00', 0),
	(5, 'bid_file__1573014693039_.jpg', 'bids\\bid_file__1573014693039_.jpg', 1, NULL, 3, 0, 0, 1, 0, NULL, 9, NULL, '2019-11-06 04:31:31', '0000-00-00 00:00:00', 0),
	(6, 'auction_file__1573544595039_.jpg', 'auctions\\auction_file__1573544595039_.jpg', 3, NULL, NULL, 1, 0, 0, 0, NULL, 7, NULL, '2019-11-12 07:43:13', '0000-00-00 00:00:00', 0),
	(7, 'auction_file__1573546872301_.jpg', 'auctions\\auction_file__1573546872301_.jpg', 4, NULL, NULL, 1, 0, 0, 0, NULL, 7, NULL, '2019-11-12 08:21:11', '0000-00-00 00:00:00', 0),
	(8, 'auction_file__1573546960550_.jpg', 'auctions\\auction_file__1573546960550_.jpg', 5, NULL, NULL, 1, 0, 0, 0, NULL, 7, NULL, '2019-11-12 08:22:39', '0000-00-00 00:00:00', 0),
	(9, 'auction_file__1573547028118_.jpg', 'auctions\\auction_file__1573547028118_.jpg', 6, NULL, NULL, 1, 0, 0, 0, NULL, 7, NULL, '2019-11-12 08:23:47', '2019-11-12 08:32:17', 1),
	(10, 'auction_file__1573549176235_.jpg', 'auctions\\auction_file__1573549176235_.jpg', 7, NULL, NULL, 1, 0, 0, 0, NULL, 7, NULL, '2019-11-12 08:59:35', '0000-00-00 00:00:00', 0),
	(11, 'auction_file__1573549263913_.jpg', 'auctions\\auction_file__1573549263913_.jpg', 8, NULL, NULL, 1, 0, 0, 0, NULL, 7, NULL, '2019-11-12 09:01:04', '0000-00-00 00:00:00', 0),
	(12, 'auction_file__1573549387566_.jpg', 'auctions\\auction_file__1573549387566_.jpg', 9, NULL, NULL, 1, 0, 0, 0, NULL, 7, NULL, '2019-11-12 09:03:06', '2019-11-12 09:03:31', 1),
	(13, 'auction_file__1573549482098_.jpg', 'auctions\\auction_file__1573549482098_.jpg', 10, NULL, NULL, 1, 0, 0, 0, NULL, 7, NULL, '2019-11-12 09:04:41', '0000-00-00 00:00:00', 0),
	(14, 'auction_file__1573550254481_.jpg', 'auctions\\auction_file__1573550254481_.jpg', 11, NULL, NULL, 1, 0, 0, 0, NULL, 7, NULL, '2019-11-12 09:17:33', '0000-00-00 00:00:00', 0),
	(15, 'auction_file__1573550392016_.jpg', 'auctions\\auction_file__1573550392016_.jpg', 12, NULL, NULL, 1, 0, 0, 0, NULL, 7, NULL, '2019-11-12 09:19:51', '0000-00-00 00:00:00', 0),
	(16, 'auction_file__1573550550198_.jpg', 'auctions\\auction_file__1573550550198_.jpg', 13, NULL, NULL, 1, 0, 0, 0, NULL, 7, NULL, '2019-11-12 09:22:29', '0000-00-00 00:00:00', 0),
	(17, 'auction_file__1573550575891_.jpg', 'auctions\\auction_file__1573550575891_.jpg', 14, NULL, NULL, 1, 0, 0, 0, NULL, 7, NULL, '2019-11-12 09:22:55', '0000-00-00 00:00:00', 0),
	(18, 'auction_file__1573550728031_.jpg', 'auctions\\auction_file__1573550728031_.jpg', 15, NULL, NULL, 1, 0, 0, 0, NULL, 7, NULL, '2019-11-12 09:25:27', '0000-00-00 00:00:00', 0),
	(19, 'auction_file__1573550754392_.jpg', 'auctions\\auction_file__1573550754392_.jpg', 16, NULL, NULL, 1, 0, 0, 0, NULL, 7, NULL, '2019-11-12 09:25:54', '0000-00-00 00:00:00', 0),
	(20, 'auction_file__1573551226123_.jpg', 'auctions\\auction_file__1573551226123_.jpg', 17, NULL, NULL, 1, 0, 0, 0, NULL, 7, NULL, '2019-11-12 09:33:45', '0000-00-00 00:00:00', 0),
	(21, 'auction_file__1573551441379_.jpg', 'auctions\\auction_file__1573551441379_.jpg', 18, NULL, NULL, 1, 0, 0, 0, NULL, 7, NULL, '2019-11-12 09:37:20', '0000-00-00 00:00:00', 0),
	(22, 'auction_file__1573551644644_.jpg', 'auctions\\auction_file__1573551644644_.jpg', 19, NULL, NULL, 1, 0, 0, 0, NULL, 7, NULL, '2019-11-12 09:40:44', '0000-00-00 00:00:00', 0),
	(23, 'auction_file__1573551738218_.jpg', 'auctions\\auction_file__1573551738218_.jpg', 20, NULL, NULL, 1, 0, 0, 0, NULL, 7, NULL, '2019-11-12 09:42:17', '0000-00-00 00:00:00', 0),
	(24, 'auction_file__1573552901421_.jpg', 'auctions\\auction_file__1573552901421_.jpg', 21, NULL, NULL, 1, 0, 0, 0, NULL, 7, NULL, '2019-11-12 10:01:40', '0000-00-00 00:00:00', 0),
	(25, 'auction_file__1573552961752_.jpg', 'auctions\\auction_file__1573552961752_.jpg', 22, NULL, NULL, 1, 0, 0, 0, NULL, 7, NULL, '2019-11-12 10:02:41', '0000-00-00 00:00:00', 0),
	(26, 'auction_file__1573557833716_.jpg', 'auctions\\auction_file__1573557833716_.jpg', 23, NULL, NULL, 1, 0, 0, 0, NULL, 7, NULL, '2019-11-12 11:23:53', '0000-00-00 00:00:00', 0),
	(27, 'auction_file__1573613637038_.jpg', 'auctions\\auction_file__1573613637038_.jpg', 24, NULL, NULL, 1, 0, 0, 0, NULL, 7, NULL, '2019-11-13 02:54:00', '0000-00-00 00:00:00', 0),
	(28, 'auction_file__1573620779955_.jpg', 'auctions\\auction_file__1573620779955_.jpg', 25, NULL, NULL, 1, 0, 0, 0, NULL, 7, NULL, '2019-11-13 04:52:59', '0000-00-00 00:00:00', 0),
	(29, 'auction_file__1573620867845_.jpg', 'auctions\\auction_file__1573620867845_.jpg', 26, NULL, NULL, 1, 0, 0, 0, NULL, 7, NULL, '2019-11-13 04:54:27', '0000-00-00 00:00:00', 0),
	(30, 'auction_file__1573621003306_.jpg', 'auctions\\auction_file__1573621003306_.jpg', 27, NULL, NULL, 1, 0, 0, 0, NULL, 7, NULL, '2019-11-13 04:56:42', '0000-00-00 00:00:00', 0),
	(31, 'auction_file__1573621244304_.jpg', 'auctions\\auction_file__1573621244304_.jpg', 28, NULL, NULL, 1, 0, 0, 0, NULL, 7, NULL, '2019-11-13 05:00:43', '0000-00-00 00:00:00', 0),
	(33, 'auction_file__1573621688815_.jpg', 'auctions\\auction_file__1573621688815_.jpg', 30, NULL, NULL, 1, 0, 0, 0, NULL, 7, NULL, '2019-11-13 05:08:08', '0000-00-00 00:00:00', 0),
	(34, 'auction_file__1573621731780_.jpg', 'auctions\\auction_file__1573621731780_.jpg', 31, NULL, NULL, 1, 0, 0, 0, NULL, 7, NULL, '2019-11-13 05:08:51', '0000-00-00 00:00:00', 0),
	(35, 'auction_file__1573621836256_.jpg', 'auctions\\auction_file__1573621836256_.jpg', 32, NULL, NULL, 1, 0, 0, 0, NULL, 7, NULL, '2019-11-13 05:10:35', '0000-00-00 00:00:00', 0),
	(36, 'auction_file__1573624128855_.jpg', 'auctions\\auction_file__1573624128855_.jpg', 33, NULL, NULL, 1, 0, 0, 0, NULL, 7, NULL, '2019-11-13 05:48:48', '0000-00-00 00:00:00', 0),
	(37, 'auction_file__1573634717525_.jpg', 'auctions\\auction_file__1573634717525_.jpg', 34, NULL, NULL, 1, 0, 0, 0, NULL, 7, NULL, '2019-11-13 08:45:16', '0000-00-00 00:00:00', 0),
	(38, 'auction_file__1573634855839_.jpg', 'auctions\\auction_file__1573634855839_.jpg', 35, NULL, NULL, 1, 0, 0, 0, NULL, 7, NULL, '2019-11-13 08:47:35', '0000-00-00 00:00:00', 0),
	(39, 'auction_file__1573634887944_.jpg', 'auctions\\auction_file__1573634887944_.jpg', 36, NULL, NULL, 1, 0, 0, 0, NULL, 7, NULL, '2019-11-13 08:48:07', '0000-00-00 00:00:00', 0),
	(40, 'auction_file__1573634987252_.jpg', 'auctions\\auction_file__1573634987252_.jpg', 37, NULL, NULL, 1, 0, 0, 0, NULL, 7, NULL, '2019-11-13 08:49:46', '0000-00-00 00:00:00', 0),
	(41, 'auction_file__1573635031208_.jpg', 'auctions\\auction_file__1573635031208_.jpg', 38, NULL, NULL, 1, 0, 0, 0, NULL, 7, NULL, '2019-11-13 08:50:30', '0000-00-00 00:00:00', 0),
	(42, 'auction_file__1573635047261_.jpg', 'auctions\\auction_file__1573635047261_.jpg', 39, NULL, NULL, 1, 0, 0, 0, NULL, 7, NULL, '2019-11-13 08:50:46', '0000-00-00 00:00:00', 0),
	(43, 'auction_file__1573637184353_.jpg', 'auctions\\auction_file__1573637184353_.jpg', 40, NULL, NULL, 1, 0, 0, 0, NULL, 7, NULL, '2019-11-13 09:26:23', '0000-00-00 00:00:00', 0),
	(44, 'bid_file__1573640145252_.jpg', 'bids\\bid_file__1573640145252_.jpg', 1, 7, 1, 0, 1, 1, 0, NULL, 6, NULL, '2019-11-13 10:15:49', '2019-12-12 09:18:33', 1),
	(45, 'auction_file__1573700022802_.jpg', 'auctions\\auction_file__1573700022802_.jpg', 41, NULL, NULL, 1, 0, 0, 0, NULL, 7, NULL, '2019-11-14 02:53:41', '0000-00-00 00:00:00', 0),
	(46, 'auction_file__1573700381348_.jpg', 'auctions\\auction_file__1573700381348_.jpg', 42, NULL, NULL, 1, 0, 0, 0, NULL, 7, NULL, '2019-11-14 02:59:39', '0000-00-00 00:00:00', 0),
	(47, 'bid_file__1573701051305_.jpg', 'bids\\bid_file__1573701051305_.jpg', 1, NULL, 1, 0, 0, 1, 0, NULL, 6, NULL, '2019-11-14 03:10:49', '2019-11-14 03:11:11', 1),
	(48, 'bid_file__1573701063067_.jpg', 'bids\\bid_file__1573701063067_.jpg', 1, NULL, 1, 0, 0, 1, 0, NULL, 6, NULL, '2019-11-14 03:11:01', '2019-11-14 03:11:08', 1),
	(49, 'bid_file__1573701063098_.jpg', 'bids\\bid_file__1573701063098_.jpg', 1, NULL, 1, 0, 0, 1, 0, NULL, 6, NULL, '2019-11-14 03:11:01', '2019-11-14 03:11:05', 1),
	(50, 'bid_file__1573704158427_.jpg', 'bids\\bid_file__1573704158427_.jpg', 25, NULL, 4, 0, 0, 1, 0, NULL, 6, NULL, '2019-11-14 04:02:36', '0000-00-00 00:00:00', 0),
	(51, 'bid_file__1573704188147_.jpg', 'bids\\bid_file__1573704188147_.jpg', 26, NULL, 5, 0, 0, 1, 0, NULL, 6, NULL, '2019-11-14 04:03:06', '0000-00-00 00:00:00', 0),
	(52, 'bid_file__1573704188152_.jpg', 'bids\\bid_file__1573704188152_.jpg', 26, NULL, 5, 0, 0, 1, 0, NULL, 6, NULL, '2019-11-14 04:03:06', '0000-00-00 00:00:00', 0),
	(53, 'bid_file__1573704287693_.jpg', 'bids\\bid_file__1573704287693_.jpg', 27, NULL, 6, 0, 0, 1, 0, NULL, 6, NULL, '2019-11-14 04:04:46', '0000-00-00 00:00:00', 0),
	(54, 'bid_file__1573704287711_.jpg', 'bids\\bid_file__1573704287711_.jpg', 27, NULL, 6, 0, 0, 1, 0, NULL, 6, NULL, '2019-11-14 04:04:46', '0000-00-00 00:00:00', 0),
	(55, 'bid_file__1573704683930_.jpg', 'bids\\bid_file__1573704683930_.jpg', 28, NULL, 7, 0, 0, 1, 0, NULL, 6, NULL, '2019-11-14 04:11:22', '2019-11-14 04:11:55', 1),
	(56, 'bid_file__1573704683946_.jpg', 'bids\\bid_file__1573704683946_.jpg', 28, NULL, 7, 0, 0, 1, 0, NULL, 6, NULL, '2019-11-14 04:11:22', '2019-11-14 04:11:58', 1),
	(57, 'bid_file__1573704683966_.jpg', 'bids\\bid_file__1573704683966_.jpg', 28, NULL, 7, 0, 0, 1, 0, NULL, 6, NULL, '2019-11-14 04:11:22', '0000-00-00 00:00:00', 0),
	(58, 'bid_file__1573704683979_.jpg', 'bids\\bid_file__1573704683979_.jpg', 28, NULL, 7, 0, 0, 1, 0, NULL, 6, NULL, '2019-11-14 04:11:22', '0000-00-00 00:00:00', 0),
	(59, 'bid_file__1573704683984_.jpg', 'bids\\bid_file__1573704683984_.jpg', 28, NULL, 7, 0, 0, 1, 0, NULL, 6, NULL, '2019-11-14 04:11:22', '0000-00-00 00:00:00', 0),
	(60, 'bid_file__1573704735253_.jpg', 'bids\\bid_file__1573704735253_.jpg', 28, NULL, 7, 0, 0, 1, 0, NULL, 6, NULL, '2019-11-14 04:12:13', '0000-00-00 00:00:00', 0),
	(61, 'bid_file__1573704735262_.jpg', 'bids\\bid_file__1573704735262_.jpg', 28, NULL, 7, 0, 0, 1, 0, NULL, 6, NULL, '2019-11-14 04:12:13', '0000-00-00 00:00:00', 0),
	(62, 'bid_file__1573704929089_.jpg', 'bids\\bid_file__1573704929089_.jpg', 29, NULL, 8, 0, 0, 1, 0, NULL, 6, NULL, '2019-11-14 04:15:27', '2019-11-14 04:15:39', 1),
	(63, 'bid_file__1573704929109_.jpg', 'bids\\bid_file__1573704929109_.jpg', 29, NULL, 8, 0, 0, 1, 0, NULL, 6, NULL, '2019-11-14 04:15:27', '0000-00-00 00:00:00', 0),
	(64, 'bid_file__1573704950652_.jpg', 'bids\\bid_file__1573704950652_.jpg', 29, NULL, 8, 0, 0, 1, 0, NULL, 6, NULL, '2019-11-14 04:15:49', '0000-00-00 00:00:00', 0),
	(65, 'bid_file__1573704950658_.jpg', 'bids\\bid_file__1573704950658_.jpg', 29, NULL, 8, 0, 0, 1, 0, NULL, 6, NULL, '2019-11-14 04:15:49', '0000-00-00 00:00:00', 0),
	(66, 'bid_file__1573704950668_.jpg', 'bids\\bid_file__1573704950668_.jpg', 29, NULL, 8, 0, 0, 1, 0, NULL, 6, NULL, '2019-11-14 04:15:49', '0000-00-00 00:00:00', 0),
	(67, 'bid_file__1573705854187_.jpg', 'bids\\bid_file__1573705854187_.jpg', 30, NULL, 9, 0, 0, 1, 0, NULL, 6, NULL, '2019-11-14 04:30:52', '0000-00-00 00:00:00', 0),
	(68, 'bid_file__1573706034704_.jpg', 'bids\\bid_file__1573706034704_.jpg', 35, NULL, 10, 0, 0, 1, 0, NULL, 6, NULL, '2019-11-14 04:33:53', '0000-00-00 00:00:00', 0),
	(69, 'bid_file__1573706624112_.jpg', 'bids\\bid_file__1573706624112_.jpg', 31, NULL, 11, 0, 0, 1, 0, NULL, 6, NULL, '2019-11-14 04:43:42', '0000-00-00 00:00:00', 0),
	(70, 'bid_file__1573706624126_.jpg', 'bids\\bid_file__1573706624126_.jpg', 31, NULL, 11, 0, 0, 1, 0, NULL, 6, NULL, '2019-11-14 04:43:42', '0000-00-00 00:00:00', 0),
	(71, 'bid_file__1573707208886_.jpg', 'bids\\bid_file__1573707208886_.jpg', 37, NULL, 13, 0, 0, 1, 0, NULL, 6, NULL, '2019-11-14 04:53:27', '0000-00-00 00:00:00', 0),
	(72, 'bid_file__1573708284469_.jpg', 'bids\\bid_file__1573708284469_.jpg', 32, NULL, 14, 0, 0, 1, 0, NULL, 6, NULL, '2019-11-14 05:11:23', '0000-00-00 00:00:00', 0),
	(73, 'auction_file__1573713864099_.jpg', 'auctions\\auction_file__1573713864099_.jpg', 43, NULL, NULL, 1, 0, 0, 0, NULL, 7, NULL, '2019-11-14 06:44:22', '0000-00-00 00:00:00', 0),
	(74, 'auction_file__1573717577041_.jpg', 'auctions\\auction_file__1573717577041_.jpg', 44, NULL, NULL, 1, 0, 0, 0, NULL, 7, NULL, '2019-11-14 07:46:15', '0000-00-00 00:00:00', 0),
	(75, 'auction_file__1573718096895_.jpg', 'auctions\\auction_file__1573718096895_.jpg', 45, NULL, NULL, 1, 0, 0, 0, NULL, 7, NULL, '2019-11-14 07:54:55', '0000-00-00 00:00:00', 0),
	(76, 'auction_file__1573721028137_.jpg', 'auctions\\auction_file__1573721028137_.jpg', 46, NULL, NULL, 1, 0, 0, 0, NULL, 7, NULL, '2019-11-14 08:43:46', '0000-00-00 00:00:00', 0),
	(77, 'auction_file__1573721172658_.jpg', 'auctions\\auction_file__1573721172658_.jpg', 47, NULL, NULL, 1, 0, 0, 0, NULL, 7, NULL, '2019-11-14 08:46:11', '0000-00-00 00:00:00', 0),
	(78, 'auction_file__1573725291298_.jpg', 'auctions\\auction_file__1573725291298_.jpg', 48, NULL, NULL, 1, 0, 0, 0, NULL, 7, NULL, '2019-11-14 09:54:50', '0000-00-00 00:00:00', 0),
	(79, 'auction_file__1573725378022_.jpg', 'auctions\\auction_file__1573725378022_.jpg', 49, NULL, NULL, 1, 0, 0, 0, NULL, 7, NULL, '2019-11-14 09:56:16', '0000-00-00 00:00:00', 0),
	(80, 'bid_file__1573728961893_.jpg', 'bids\\bid_file__1573728961893_.jpg', 34, NULL, 16, 0, 0, 1, 0, NULL, 6, NULL, '2019-11-14 10:56:00', '0000-00-00 00:00:00', 0),
	(81, 'bid_file__1573730316220_.jpg', 'bids\\bid_file__1573730316220_.jpg', 1, NULL, 17, 0, 0, 1, 0, NULL, 6, NULL, '2019-11-14 11:18:35', '0000-00-00 00:00:00', 0),
	(82, 'bid_file__1573732473608_.jpg', 'bids\\bid_file__1573732473608_.jpg', 1, NULL, 18, 0, 0, 1, 0, NULL, 6, NULL, '2019-11-14 11:54:37', '0000-00-00 00:00:00', 0),
	(83, 'auction_file__1573790190983_.jpg', 'auctions\\auction_file__1573790190983_.jpg', 50, NULL, NULL, 1, 0, 0, 0, NULL, 7, NULL, '2019-11-15 03:56:29', '0000-00-00 00:00:00', 0),
	(84, 'auction_file__1573790489339_.jpg', 'auctions\\auction_file__1573790489339_.jpg', 51, NULL, NULL, 1, 0, 0, 0, NULL, 7, NULL, '2019-11-15 04:01:27', '0000-00-00 00:00:00', 0),
	(85, 'auction_file__1573791109591_.jpg', 'auctions\\auction_file__1573791109591_.jpg', 52, NULL, NULL, 1, 0, 0, 0, NULL, 7, NULL, '2019-11-15 04:11:47', '0000-00-00 00:00:00', 0),
	(86, 'auction_file__1573791319491_.jpg', 'auctions\\auction_file__1573791319491_.jpg', 53, NULL, NULL, 1, 0, 0, 0, NULL, 7, NULL, '2019-11-15 04:15:17', '0000-00-00 00:00:00', 0),
	(87, 'auction_file__1573794910635_.jpg', 'auctions\\auction_file__1573794910635_.jpg', 54, NULL, NULL, 1, 0, 0, 0, NULL, 7, NULL, '2019-11-15 05:15:08', '0000-00-00 00:00:00', 0),
	(88, 'auction_file__1573795581435_.jpg', 'auctions\\auction_file__1573795581435_.jpg', 55, NULL, NULL, 1, 0, 0, 0, NULL, 7, NULL, '2019-11-15 05:26:19', '0000-00-00 00:00:00', 0),
	(89, 'auction_file__1573795691319_.jpg', 'auctions\\auction_file__1573795691319_.jpg', 56, NULL, NULL, 1, 0, 0, 0, NULL, 7, NULL, '2019-11-15 05:28:09', '0000-00-00 00:00:00', 0),
	(90, 'auction_file__1573795928284_.jpg', 'auctions\\auction_file__1573795928284_.jpg', 57, NULL, NULL, 1, 0, 0, 0, NULL, 7, NULL, '2019-11-15 05:32:06', '0000-00-00 00:00:00', 0),
	(91, 'auction_file__1573795991928_.jpg', 'auctions\\auction_file__1573795991928_.jpg', 58, NULL, NULL, 1, 0, 0, 0, NULL, 7, NULL, '2019-11-15 05:33:10', '0000-00-00 00:00:00', 0),
	(92, 'auction_file__1573797610123_.jpg', 'auctions\\auction_file__1573797610123_.jpg', 59, NULL, NULL, 1, 0, 0, 0, NULL, 7, NULL, '2019-11-15 06:00:08', '0000-00-00 00:00:00', 0),
	(93, 'auction_file__1574245396106_.docx', 'auctions\\auction_file__1574245396106_.docx', 55, NULL, NULL, 1, 0, 0, 0, NULL, 7, NULL, '2019-11-20 10:23:14', '0000-00-00 00:00:00', 0),
	(94, 'auction_file__1574315107219_.docx', 'auctions\\auction_file__1574315107219_.docx', 60, NULL, NULL, 1, 0, 0, 0, NULL, 7, NULL, '2019-11-21 05:45:05', '0000-00-00 00:00:00', 0),
	(95, 'bid_file__1574320494248_.docx', 'bids\\bid_file__1574320494248_.docx', 60, NULL, 20, 0, 0, 1, 0, NULL, 6, NULL, '2019-11-21 07:14:53', '0000-00-00 00:00:00', 0),
	(96, 'auction_file__1574654633047_.jpg', 'auctions\\auction_file__1574654633047_.jpg', 61, NULL, NULL, 1, 0, 0, 0, NULL, 7, NULL, '2019-11-25 04:03:51', '0000-00-00 00:00:00', 0),
	(97, 'auction_file__1574663204671_.jpg', 'auctions\\auction_file__1574663204671_.jpg', 29, NULL, NULL, 1, 0, 0, 0, NULL, 3, NULL, '2019-11-25 06:26:43', '2019-11-25 06:26:47', 1),
	(98, 'auction_file__1574677192752_.docx', 'auctions\\auction_file__1574677192752_.docx', 62, NULL, NULL, 1, 0, 0, 0, NULL, 7, NULL, '2019-11-25 10:19:51', '0000-00-00 00:00:00', 0),
	(99, 'bid_file__1574677252371_.docx', 'bids\\bid_file__1574677252371_.docx', 62, NULL, 21, 0, 0, 1, 0, NULL, 6, NULL, '2019-11-25 10:20:51', '2019-11-26 03:18:52', 1),
	(100, 'bid_file__1575273306039_.jpg', 'bids\\bid_file__1575273306039_.jpg', 61, NULL, 22, 0, 0, 1, 0, NULL, 6, NULL, '2019-12-02 07:55:06', '0000-00-00 00:00:00', 0),
	(101, 'auction_file__1575354362834_.jpg', 'auctions\\auction_file__1575354362834_.jpg', 63, NULL, NULL, 1, 0, 0, 0, NULL, 7, NULL, '2019-12-03 06:26:02', '0000-00-00 00:00:00', 0),
	(102, 'bid_file__1575354709987_.docx', 'bids\\bid_file__1575354709987_.docx', 63, NULL, 23, 0, 0, 1, 0, NULL, 6, NULL, '2019-12-03 06:31:49', '2019-12-06 03:49:33', 1),
	(103, 'bid_file__1575364224530_.docx', 'bids\\bid_file__1575364224530_.docx', 63, NULL, 24, 0, 0, 1, 0, NULL, 17, NULL, '2019-12-03 09:10:24', '2019-12-30 08:50:32', 1),
	(104, 'bid_file__1575604202056_.docx', 'bids\\bid_file__1575604202056_.docx', 63, NULL, 23, 0, 0, 1, 0, NULL, 6, NULL, '2019-12-06 03:50:00', '0000-00-00 00:00:00', 0),
	(105, 'bid_file__1575604202057_.docx', 'bids\\bid_file__1575604202057_.docx', 63, NULL, 23, 0, 0, 1, 0, NULL, 6, NULL, '2019-12-06 03:50:00', '0000-00-00 00:00:00', 0),
	(106, 'bid_file__1575605999472_.docx', 'bids\\bid_file__1575605999472_.docx', 59, NULL, 25, 0, 0, 1, 0, NULL, 6, NULL, '2019-12-06 04:19:58', '0000-00-00 00:00:00', 0),
	(107, 'bid_file__1575606109761_.docx', 'bids\\bid_file__1575606109761_.docx', 59, NULL, 26, 0, 0, 1, 0, NULL, 17, NULL, '2019-12-06 04:21:48', '0000-00-00 00:00:00', 0),
	(108, 'auction_file__1575613003239_.docx', 'auctions\\auction_file__1575613003239_.docx', 63, NULL, NULL, 1, 0, 0, 0, NULL, 7, NULL, '2019-12-06 06:16:42', '0000-00-00 00:00:00', 0),
	(109, 'auction_file__1575613077653_.docx', 'auctions\\auction_file__1575613077653_.docx', 64, NULL, NULL, 1, 0, 0, 0, NULL, 7, NULL, '2019-12-06 06:17:56', '0000-00-00 00:00:00', 0),
	(110, 'bid_file__1575613419037_.docx', 'bids\\bid_file__1575613419037_.docx', 59, NULL, 25, 0, 0, 1, 0, NULL, 6, NULL, '2019-12-06 06:23:39', '0000-00-00 00:00:00', 0),
	(111, 'bid_file__1575622634790_.docx', 'bids\\bid_file__1575622634790_.docx', 59, NULL, 25, 0, 0, 1, 0, NULL, 6, NULL, '2019-12-06 08:57:15', '0000-00-00 00:00:00', 0),
	(112, 'auction_file__1575863872884_.docx', 'auctions\\auction_file__1575863872884_.docx', 65, NULL, NULL, 1, 0, 0, 0, NULL, 7, NULL, '2019-12-09 03:57:50', '0000-00-00 00:00:00', 0),
	(113, 'auction_file__1575863872891_.docx', 'auctions\\auction_file__1575863872891_.docx', 65, NULL, NULL, 1, 0, 0, 0, NULL, 7, NULL, '2019-12-09 03:57:50', '0000-00-00 00:00:00', 0),
	(114, 'auction_file__1575863872899_.docx', 'auctions\\auction_file__1575863872899_.docx', 65, NULL, NULL, 1, 0, 0, 0, NULL, 7, NULL, '2019-12-09 03:57:50', '0000-00-00 00:00:00', 0),
	(115, 'auction_file__1575864301297_.docx', 'auctions\\auction_file__1575864301297_.docx', 66, NULL, NULL, 1, 0, 0, 0, NULL, 7, NULL, '2019-12-09 04:04:59', '0000-00-00 00:00:00', 0),
	(116, 'auction_file__1575864531835_.docx', 'auctions\\auction_file__1575864531835_.docx', 67, NULL, NULL, 1, 0, 0, 0, NULL, 7, NULL, '2019-12-09 04:08:49', '0000-00-00 00:00:00', 0),
	(117, 'auction_file__1575864720621_.docx', 'auctions\\auction_file__1575864720621_.docx', 68, NULL, NULL, 1, 0, 0, 0, NULL, 7, NULL, '2019-12-09 04:11:58', '0000-00-00 00:00:00', 0),
	(118, 'auction_file__1575864861881_.docx', 'auctions\\auction_file__1575864861881_.docx', 69, NULL, NULL, 1, 0, 0, 0, NULL, 7, NULL, '2019-12-09 04:14:19', '0000-00-00 00:00:00', 0),
	(119, 'auction_file__1575865641030_.docx', 'auctions\\auction_file__1575865641030_.docx', 70, NULL, NULL, 1, 0, 0, 0, NULL, 7, NULL, '2019-12-09 04:27:18', '0000-00-00 00:00:00', 0),
	(120, 'auction_file__1575865807705_.docx', 'auctions\\auction_file__1575865807705_.docx', 71, NULL, NULL, 1, 0, 0, 0, NULL, 7, NULL, '2019-12-09 04:30:05', '0000-00-00 00:00:00', 0),
	(121, 'auction_file__1575866117068_.docx', 'auctions\\auction_file__1575866117068_.docx', 72, NULL, NULL, 1, 0, 0, 0, NULL, 7, NULL, '2019-12-09 04:35:14', '0000-00-00 00:00:00', 0),
	(122, 'auction_file__1575866117069_.docx', 'auctions\\auction_file__1575866117069_.docx', 72, NULL, NULL, 1, 0, 0, 0, NULL, 7, NULL, '2019-12-09 04:35:14', '0000-00-00 00:00:00', 0),
	(123, 'bid_file__1575869666494_.docx', 'bids\\bid_file__1575869666494_.docx', 71, NULL, 28, 0, 0, 1, 0, NULL, 6, NULL, '2019-12-09 05:34:24', '0000-00-00 00:00:00', 0),
	(125, 'profile_pic__1576131288890_.jpg', 'profilePics\\profile_pic__1576131288890_.jpg', NULL, 7, NULL, 0, 1, 0, 0, NULL, 7, NULL, '2019-12-12 06:14:48', '2019-12-12 09:18:33', 1),
	(126, 'profile_pic__1576131288880_.jpg', 'profilePics\\profile_pic__1576131288880_.jpg', NULL, 7, NULL, 0, 1, 0, 0, NULL, 7, NULL, '2019-12-12 06:14:48', '2019-12-12 09:18:33', 1),
	(127, 'profile_pic__1576131288912_.jpg', 'profilePics\\profile_pic__1576131288912_.jpg', NULL, 7, NULL, 0, 1, 0, 0, NULL, 7, NULL, '2019-12-12 06:14:48', '2019-12-12 09:18:33', 1),
	(128, 'profile_pic__1576131319939_.jpg', 'profilePics\\profile_pic__1576131319939_.jpg', NULL, 7, NULL, 0, 1, 0, 0, NULL, 7, NULL, '2019-12-12 06:15:19', '2019-12-12 09:18:33', 1),
	(129, 'profile_pic__1576131558540_.jpg', 'profilePics\\profile_pic__1576131558540_.jpg', NULL, 7, NULL, 0, 1, 0, 0, NULL, 7, NULL, '2019-12-12 06:19:17', '2019-12-12 09:18:33', 1),
	(130, 'profile_pic__1576131558552_.jpg', 'profilePics\\profile_pic__1576131558552_.jpg', NULL, 7, NULL, 0, 1, 0, 0, NULL, 7, NULL, '2019-12-12 06:19:17', '2019-12-12 09:18:33', 1),
	(131, 'profile_pic__1576131558571_.jpg', 'profilePics\\profile_pic__1576131558571_.jpg', NULL, 7, NULL, 0, 1, 0, 0, NULL, 7, NULL, '2019-12-12 06:19:17', '2019-12-12 09:18:33', 1),
	(132, 'profile_pic__1576131610320_.jpg', 'profilePics\\profile_pic__1576131610320_.jpg', NULL, 7, NULL, 0, 1, 0, 0, NULL, 7, NULL, '2019-12-12 06:20:09', '2019-12-12 09:18:33', 1),
	(133, 'profile_pic__1576131610311_.jpg', 'profilePics\\profile_pic__1576131610311_.jpg', NULL, 7, NULL, 0, 1, 0, 0, NULL, 7, NULL, '2019-12-12 06:20:09', '2019-12-12 09:18:33', 1),
	(134, 'profile_pic__1576131610366_.jpg', 'profilePics\\profile_pic__1576131610366_.jpg', NULL, 7, NULL, 0, 1, 0, 0, NULL, 7, NULL, '2019-12-12 06:20:09', '2019-12-12 09:18:33', 1),
	(135, 'profile_pic__1576131610305_.jpg', 'profilePics\\profile_pic__1576131610305_.jpg', NULL, 7, NULL, 0, 1, 0, 0, NULL, 7, NULL, '2019-12-12 06:20:09', '2019-12-12 09:18:33', 1),
	(136, 'profile_pic__1576131610359_.jpg', 'profilePics\\profile_pic__1576131610359_.jpg', NULL, 7, NULL, 0, 1, 0, 0, NULL, 7, NULL, '2019-12-12 06:20:09', '2019-12-12 09:18:33', 1),
	(137, 'profile_pic__1576131610375_.jpg', 'profilePics\\profile_pic__1576131610375_.jpg', NULL, 7, NULL, 0, 1, 0, 0, NULL, 7, NULL, '2019-12-12 06:20:09', '2019-12-12 09:18:33', 1),
	(138, 'profile_pic__1576131610308_.jpg', 'profilePics\\profile_pic__1576131610308_.jpg', NULL, 7, NULL, 0, 1, 0, 0, NULL, 7, NULL, '2019-12-12 06:20:09', '2019-12-12 09:18:33', 1),
	(139, 'profile_pic__1576131610360_.jpg', 'profilePics\\profile_pic__1576131610360_.jpg', NULL, 7, NULL, 0, 1, 0, 0, NULL, 7, NULL, '2019-12-12 06:20:09', '2019-12-12 09:18:33', 1),
	(140, 'profile_pic__1576131610373_.jpg', 'profilePics\\profile_pic__1576131610373_.jpg', NULL, 7, NULL, 0, 1, 0, 0, NULL, 7, NULL, '2019-12-12 06:20:09', '2019-12-12 09:18:33', 1),
	(141, 'profile_pic__1576131610383_.jpg', 'profilePics\\profile_pic__1576131610383_.jpg', NULL, 7, NULL, 0, 1, 0, 0, NULL, 7, NULL, '2019-12-12 06:20:09', '2019-12-12 09:18:33', 1),
	(142, 'profile_pic__1576131672558_.jpg', 'profilePics\\profile_pic__1576131672558_.jpg', NULL, 7, NULL, 0, 1, 0, 0, NULL, 7, NULL, '2019-12-12 06:21:11', '2019-12-12 09:18:33', 1),
	(143, 'profile_pic__1576131672571_.jpg', 'profilePics\\profile_pic__1576131672571_.jpg', NULL, 7, NULL, 0, 1, 0, 0, NULL, 7, NULL, '2019-12-12 06:21:11', '2019-12-12 09:18:33', 1),
	(144, 'profile_pic__1576131672585_.jpg', 'profilePics\\profile_pic__1576131672585_.jpg', NULL, 7, NULL, 0, 1, 0, 0, NULL, 7, NULL, '2019-12-12 06:21:11', '2019-12-12 09:18:33', 1),
	(145, 'profile_pic__1576131672573_.jpg', 'profilePics\\profile_pic__1576131672573_.jpg', NULL, 7, NULL, 0, 1, 0, 0, NULL, 7, NULL, '2019-12-12 06:21:12', '2019-12-12 09:18:33', 1),
	(146, 'profile_pic__1576131672594_.jpg', 'profilePics\\profile_pic__1576131672594_.jpg', NULL, 7, NULL, 0, 1, 0, 0, NULL, 7, NULL, '2019-12-12 06:21:12', '2019-12-12 09:18:33', 1),
	(147, 'profile_pic__1576131672603_.jpg', 'profilePics\\profile_pic__1576131672603_.jpg', NULL, 7, NULL, 0, 1, 0, 0, NULL, 7, NULL, '2019-12-12 06:21:12', '2019-12-12 09:18:33', 1),
	(148, 'profile_pic__1576131717606_.jpg', 'profilePics\\profile_pic__1576131717606_.jpg', NULL, 7, NULL, 0, 1, 0, 0, NULL, 7, NULL, '2019-12-12 06:21:56', '2019-12-12 09:18:33', 1),
	(149, 'profile_pic__1576131717614_.jpg', 'profilePics\\profile_pic__1576131717614_.jpg', NULL, 7, NULL, 0, 1, 0, 0, NULL, 7, NULL, '2019-12-12 06:21:56', '2019-12-12 09:18:33', 1),
	(150, 'profile_pic__1576131717628_.jpg', 'profilePics\\profile_pic__1576131717628_.jpg', NULL, 7, NULL, 0, 1, 0, 0, NULL, 7, NULL, '2019-12-12 06:21:56', '2019-12-12 09:18:33', 1),
	(151, 'profile_pic__1576131724991_.jpg', 'profilePics\\profile_pic__1576131724991_.jpg', NULL, 7, NULL, 0, 1, 0, 0, NULL, 7, NULL, '2019-12-12 06:22:04', '2019-12-12 09:18:33', 1),
	(152, 'profile_pic__1576131846321_.jpg', 'profilePics\\profile_pic__1576131846321_.jpg', NULL, 7, NULL, 0, 1, 0, 0, NULL, 7, NULL, '2019-12-12 06:24:05', '2019-12-12 09:18:33', 1),
	(153, 'profile_pic__1576131846339_.jpg', 'profilePics\\profile_pic__1576131846339_.jpg', NULL, 7, NULL, 0, 1, 0, 0, NULL, 7, NULL, '2019-12-12 06:24:05', '2019-12-12 09:18:33', 1),
	(154, 'profile_pic__1576131846357_.jpg', 'profilePics\\profile_pic__1576131846357_.jpg', NULL, 7, NULL, 0, 1, 0, 0, NULL, 7, NULL, '2019-12-12 06:24:05', '2019-12-12 09:18:33', 1),
	(155, 'profile_pic__1576131899877_.jpg', 'profilePics\\profile_pic__1576131899877_.jpg', NULL, 7, NULL, 0, 1, 0, 0, NULL, 7, NULL, '2019-12-12 06:24:59', '2019-12-12 09:18:33', 1),
	(156, 'profile_pic__1576131904596_.jpg', 'profilePics\\profile_pic__1576131904596_.jpg', NULL, 7, NULL, 0, 1, 0, 0, NULL, 7, NULL, '2019-12-12 06:25:03', '2019-12-12 09:18:33', 1),
	(157, 'profile_pic__1576131904622_.jpg', 'profilePics\\profile_pic__1576131904622_.jpg', NULL, 7, NULL, 0, 1, 0, 0, NULL, 7, NULL, '2019-12-12 06:25:03', '2019-12-12 09:18:33', 1),
	(158, 'profile_pic__1576131904613_.jpg', 'profilePics\\profile_pic__1576131904613_.jpg', NULL, 7, NULL, 0, 1, 0, 0, NULL, 7, NULL, '2019-12-12 06:25:03', '2019-12-12 09:18:33', 1),
	(159, 'profile_pic__1576131904626_.jpg', 'profilePics\\profile_pic__1576131904626_.jpg', NULL, 7, NULL, 0, 1, 0, 0, NULL, 7, NULL, '2019-12-12 06:25:03', '2019-12-12 09:18:33', 1),
	(160, 'profile_pic__1576131904630_.jpg', 'profilePics\\profile_pic__1576131904630_.jpg', NULL, 7, NULL, 0, 1, 0, 0, NULL, 7, NULL, '2019-12-12 06:25:03', '2019-12-12 09:18:33', 1),
	(161, 'profile_pic__1576132489123_.jpg', 'profilePics\\profile_pic__1576132489123_.jpg', NULL, 7, NULL, 0, 1, 0, 0, NULL, 7, NULL, '2019-12-12 06:34:48', '2019-12-12 09:18:33', 1),
	(162, 'profile_pic__1576132511880_.jpg', 'profilePics\\profile_pic__1576132511880_.jpg', NULL, 7, NULL, 0, 1, 0, 0, NULL, 7, NULL, '2019-12-12 06:35:11', '2019-12-12 09:18:33', 1),
	(163, 'profile_pic__1576132530019_.jpg', 'profilePics\\profile_pic__1576132530019_.jpg', NULL, 7, NULL, 0, 1, 0, 0, NULL, 7, NULL, '2019-12-12 06:35:29', '2019-12-12 09:18:33', 1),
	(164, 'profile_pic__1576132530041_.jpg', 'profilePics\\profile_pic__1576132530041_.jpg', NULL, 7, NULL, 0, 1, 0, 0, NULL, 7, NULL, '2019-12-12 06:35:29', '2019-12-12 09:18:33', 1),
	(165, 'profile_pic__1576132530033_.jpg', 'profilePics\\profile_pic__1576132530033_.jpg', NULL, 7, NULL, 0, 1, 0, 0, NULL, 7, NULL, '2019-12-12 06:35:29', '2019-12-12 09:18:33', 1),
	(166, 'profile_pic__1576132530054_.jpg', 'profilePics\\profile_pic__1576132530054_.jpg', NULL, 7, NULL, 0, 1, 0, 0, NULL, 7, NULL, '2019-12-12 06:35:29', '2019-12-12 09:18:33', 1),
	(167, 'profile_pic__1576132530075_.jpg', 'profilePics\\profile_pic__1576132530075_.jpg', NULL, 7, NULL, 0, 1, 0, 0, NULL, 7, NULL, '2019-12-12 06:35:29', '2019-12-12 09:18:33', 1),
	(168, 'profile_pic__1576132530036_.jpg', 'profilePics\\profile_pic__1576132530036_.jpg', NULL, 7, NULL, 0, 1, 0, 0, NULL, 7, NULL, '2019-12-12 06:35:29', '2019-12-12 09:18:33', 1),
	(169, 'profile_pic__1576132530057_.jpg', 'profilePics\\profile_pic__1576132530057_.jpg', NULL, 7, NULL, 0, 1, 0, 0, NULL, 7, NULL, '2019-12-12 06:35:29', '2019-12-12 09:18:33', 1),
	(170, 'profile_pic__1576132530072_.jpg', 'profilePics\\profile_pic__1576132530072_.jpg', NULL, 7, NULL, 0, 1, 0, 0, NULL, 7, NULL, '2019-12-12 06:35:29', '2019-12-12 09:18:33', 1),
	(171, 'profile_pic__1576132530087_.jpg', 'profilePics\\profile_pic__1576132530087_.jpg', NULL, 7, NULL, 0, 1, 0, 0, NULL, 7, NULL, '2019-12-12 06:35:29', '2019-12-12 09:18:33', 1),
	(172, 'profile_pic__1576133163781_.jpg', 'profilePics\\profile_pic__1576133163781_.jpg', NULL, 7, NULL, 0, 1, 0, 0, NULL, 7, NULL, '2019-12-12 06:46:03', '2019-12-12 09:18:33', 1),
	(173, 'profile_pic__1576133193523_.jpg', 'profilePics\\profile_pic__1576133193523_.jpg', NULL, 7, NULL, 0, 1, 0, 0, NULL, 7, NULL, '2019-12-12 06:46:32', '2019-12-12 09:18:33', 1),
	(174, 'profile_pic__1576133196772_.jpg', 'profilePics\\profile_pic__1576133196772_.jpg', NULL, 7, NULL, 0, 1, 0, 0, NULL, 7, NULL, '2019-12-12 06:46:36', '2019-12-12 09:18:33', 1),
	(175, 'profile_pic__1576133196779_.jpg', 'profilePics\\profile_pic__1576133196779_.jpg', NULL, 7, NULL, 0, 1, 0, 0, NULL, 7, NULL, '2019-12-12 06:46:36', '2019-12-12 09:18:33', 1),
	(176, 'profile_pic__1576133434675_.jpg', 'profilePics\\profile_pic__1576133434675_.jpg', NULL, 7, NULL, 0, 1, 0, 0, NULL, 7, NULL, '2019-12-12 06:50:33', '2019-12-12 09:18:33', 1),
	(177, 'profile_pic__1576133455149_.jpg', 'profilePics\\profile_pic__1576133455149_.jpg', NULL, 7, NULL, 0, 1, 0, 0, NULL, 7, NULL, '2019-12-12 06:50:54', '2019-12-12 09:18:33', 1),
	(178, 'profile_pic__1576133455220_.jpg', 'profilePics\\profile_pic__1576133455220_.jpg', NULL, 7, NULL, 0, 1, 0, 0, NULL, 7, NULL, '2019-12-12 06:50:54', '2019-12-12 09:18:33', 1),
	(179, 'profile_pic__1576133455188_.jpg', 'profilePics\\profile_pic__1576133455188_.jpg', NULL, 7, NULL, 0, 1, 0, 0, NULL, 7, NULL, '2019-12-12 06:50:54', '2019-12-12 09:18:33', 1),
	(180, 'profile_pic__1576133455235_.jpg', 'profilePics\\profile_pic__1576133455235_.jpg', NULL, 7, NULL, 0, 1, 0, 0, NULL, 7, NULL, '2019-12-12 06:50:54', '2019-12-12 09:18:33', 1),
	(181, 'profile_pic__1576133455250_.jpg', 'profilePics\\profile_pic__1576133455250_.jpg', NULL, 7, NULL, 0, 1, 0, 0, NULL, 7, NULL, '2019-12-12 06:50:54', '2019-12-12 09:18:33', 1),
	(182, 'profile_pic__1576133477254_.jpg', 'profilePics\\profile_pic__1576133477254_.jpg', NULL, 7, NULL, 0, 1, 0, 0, NULL, 7, NULL, '2019-12-12 06:51:16', '2019-12-12 09:18:33', 1),
	(183, 'profile_pic__1576133494100_.jpg', 'profilePics\\profile_pic__1576133494100_.jpg', NULL, 7, NULL, 0, 1, 0, 0, NULL, 7, NULL, '2019-12-12 06:51:33', '2019-12-12 09:18:33', 1),
	(184, 'profile_pic__1576133494167_.jpg', 'profilePics\\profile_pic__1576133494167_.jpg', NULL, 7, NULL, 0, 1, 0, 0, NULL, 7, NULL, '2019-12-12 06:51:33', '2019-12-12 09:18:33', 1),
	(185, 'profile_pic__1576133494126_.jpg', 'profilePics\\profile_pic__1576133494126_.jpg', NULL, 7, NULL, 0, 1, 0, 0, NULL, 7, NULL, '2019-12-12 06:51:33', '2019-12-12 09:18:33', 1),
	(186, 'profile_pic__1576133494173_.jpg', 'profilePics\\profile_pic__1576133494173_.jpg', NULL, 7, NULL, 0, 1, 0, 0, NULL, 7, NULL, '2019-12-12 06:51:33', '2019-12-12 09:18:33', 1),
	(187, 'profile_pic__1576133494184_.jpg', 'profilePics\\profile_pic__1576133494184_.jpg', NULL, 7, NULL, 0, 1, 0, 0, NULL, 7, NULL, '2019-12-12 06:51:33', '2019-12-12 09:18:33', 1),
	(188, 'profile_pic__1576133494134_.jpg', 'profilePics\\profile_pic__1576133494134_.jpg', NULL, 7, NULL, 0, 1, 0, 0, NULL, 7, NULL, '2019-12-12 06:51:33', '2019-12-12 09:18:33', 1),
	(189, 'profile_pic__1576133494176_.jpg', 'profilePics\\profile_pic__1576133494176_.jpg', NULL, 7, NULL, 0, 1, 0, 0, NULL, 7, NULL, '2019-12-12 06:51:33', '2019-12-12 09:18:33', 1),
	(190, 'profile_pic__1576133494194_.jpg', 'profilePics\\profile_pic__1576133494194_.jpg', NULL, 7, NULL, 0, 1, 0, 0, NULL, 7, NULL, '2019-12-12 06:51:33', '2019-12-12 09:18:33', 1),
	(191, 'profile_pic__1576133494227_.jpg', 'profilePics\\profile_pic__1576133494227_.jpg', NULL, 7, NULL, 0, 1, 0, 0, NULL, 7, NULL, '2019-12-12 06:51:33', '2019-12-12 09:18:33', 1),
	(192, 'profile_pic__1576135197069_.jpg', 'profilePics\\profile_pic__1576135197069_.jpg', NULL, 7, NULL, 0, 1, 0, 0, NULL, 7, NULL, '2019-12-12 07:19:56', '2019-12-12 09:18:33', 1),
	(193, 'profile_pic__1576135229477_.jpg', 'profilePics\\profile_pic__1576135229477_.jpg', NULL, 7, NULL, 0, 1, 0, 0, NULL, 7, NULL, '2019-12-12 07:20:28', '2019-12-12 09:18:33', 1),
	(194, 'profile_pic__1576135804010_.jpg', 'profilePics\\profile_pic__1576135804010_.jpg', NULL, 7, NULL, 0, 1, 0, 0, NULL, 7, NULL, '2019-12-12 07:30:03', '2019-12-12 09:18:33', 1),
	(195, 'profile_pic__1576135880331_.jpg', 'profilePics\\profile_pic__1576135880331_.jpg', NULL, 7, NULL, 0, 1, 0, 0, NULL, 7, NULL, '2019-12-12 07:31:19', '2019-12-12 09:18:33', 1),
	(196, 'profile_pic__1576135908862_.jpg', 'profilePics\\profile_pic__1576135908862_.jpg', NULL, 7, NULL, 0, 1, 0, 0, NULL, 7, NULL, '2019-12-12 07:31:48', '2019-12-12 09:18:33', 1),
	(197, 'profile_pic__1576135958374_.jpg', 'profilePics\\profile_pic__1576135958374_.jpg', NULL, 7, NULL, 0, 1, 0, 0, NULL, 7, NULL, '2019-12-12 07:32:37', '2019-12-12 09:18:33', 1),
	(198, 'profile_pic__1576135976801_.jpg', 'profilePics\\profile_pic__1576135976801_.jpg', NULL, 7, NULL, 0, 1, 0, 0, NULL, 7, NULL, '2019-12-12 07:32:56', '2019-12-12 09:18:33', 1),
	(199, 'profile_pic__1576136114403_.jpg', 'profilePics\\profile_pic__1576136114403_.jpg', NULL, 7, NULL, 0, 1, 0, 0, NULL, 7, NULL, '2019-12-12 07:35:13', '2019-12-12 09:18:33', 1),
	(200, 'profile_pic__1576136129786_.jpg', 'profilePics\\profile_pic__1576136129786_.jpg', NULL, 7, NULL, 0, 1, 0, 0, NULL, 7, NULL, '2019-12-12 07:35:29', '2019-12-12 09:18:33', 1),
	(201, 'profile_pic__1576136129794_.jpg', 'profilePics\\profile_pic__1576136129794_.jpg', NULL, 7, NULL, 0, 1, 0, 0, NULL, 7, NULL, '2019-12-12 07:35:29', '2019-12-12 09:18:33', 1),
	(202, 'profile_pic__1576136129738_.jpg', 'profilePics\\profile_pic__1576136129738_.jpg', NULL, 7, NULL, 0, 1, 0, 0, NULL, 7, NULL, '2019-12-12 07:35:29', '2019-12-12 09:18:33', 1),
	(203, 'profile_pic__1576136129783_.jpg', 'profilePics\\profile_pic__1576136129783_.jpg', NULL, 7, NULL, 0, 1, 0, 0, NULL, 7, NULL, '2019-12-12 07:35:29', '2019-12-12 09:18:33', 1),
	(204, 'profile_pic__1576136148607_.jpg', 'profilePics\\profile_pic__1576136148607_.jpg', NULL, 7, NULL, 0, 1, 0, 0, NULL, 7, NULL, '2019-12-12 07:35:47', '2019-12-12 09:18:33', 1),
	(205, 'profile_pic__1576136152646_.jpg', 'profilePics\\profile_pic__1576136152646_.jpg', NULL, 7, NULL, 0, 1, 0, 0, NULL, 7, NULL, '2019-12-12 07:35:52', '2019-12-12 09:18:33', 1),
	(206, 'profile_pic__1576136152724_.jpg', 'profilePics\\profile_pic__1576136152724_.jpg', NULL, 7, NULL, 0, 1, 0, 0, NULL, 7, NULL, '2019-12-12 07:35:52', '2019-12-12 09:18:33', 1),
	(207, 'profile_pic__1576136152662_.jpg', 'profilePics\\profile_pic__1576136152662_.jpg', NULL, 7, NULL, 0, 1, 0, 0, NULL, 7, NULL, '2019-12-12 07:35:52', '2019-12-12 09:18:33', 1),
	(208, 'profile_pic__1576136152718_.jpg', 'profilePics\\profile_pic__1576136152718_.jpg', NULL, 7, NULL, 0, 1, 0, 0, NULL, 7, NULL, '2019-12-12 07:35:52', '2019-12-12 09:18:33', 1),
	(209, 'profile_pic__1576136152726_.jpg', 'profilePics\\profile_pic__1576136152726_.jpg', NULL, 7, NULL, 0, 1, 0, 0, NULL, 7, NULL, '2019-12-12 07:35:52', '2019-12-12 09:18:33', 1),
	(210, 'profile_pic__1576136200541_.jpg', 'profilePics\\profile_pic__1576136200541_.jpg', NULL, 7, NULL, 0, 1, 0, 0, NULL, 7, NULL, '2019-12-12 07:36:39', '2019-12-12 09:18:33', 1),
	(211, 'profile_pic__1576136250454_.jpg', 'profilePics\\profile_pic__1576136250454_.jpg', NULL, 7, NULL, 0, 1, 0, 0, NULL, 7, NULL, '2019-12-12 07:37:29', '2019-12-12 09:18:33', 1),
	(212, 'profile_pic__1576136278791_.jpg', 'profilePics\\profile_pic__1576136278791_.jpg', NULL, 7, NULL, 0, 1, 0, 0, NULL, 7, NULL, '2019-12-12 07:37:58', '2019-12-12 09:18:33', 1),
	(213, 'profile_pic__1576136278804_.jpg', 'profilePics\\profile_pic__1576136278804_.jpg', NULL, 7, NULL, 0, 1, 0, 0, NULL, 7, NULL, '2019-12-12 07:37:58', '2019-12-12 09:18:33', 1),
	(214, 'profile_pic__1576136278795_.jpg', 'profilePics\\profile_pic__1576136278795_.jpg', NULL, 7, NULL, 0, 1, 0, 0, NULL, 7, NULL, '2019-12-12 07:37:58', '2019-12-12 09:18:33', 1),
	(215, 'profile_pic__1576136278806_.jpg', 'profilePics\\profile_pic__1576136278806_.jpg', NULL, 7, NULL, 0, 1, 0, 0, NULL, 7, NULL, '2019-12-12 07:37:58', '2019-12-12 09:18:33', 1),
	(216, 'profile_pic__1576136278818_.jpg', 'profilePics\\profile_pic__1576136278818_.jpg', NULL, 7, NULL, 0, 1, 0, 0, NULL, 7, NULL, '2019-12-12 07:37:58', '2019-12-12 09:18:33', 1),
	(217, 'profile_pic__1576136335096_.jpg', 'profilePics\\profile_pic__1576136335096_.jpg', NULL, 7, NULL, 0, 1, 0, 0, NULL, 7, NULL, '2019-12-12 07:38:54', '2019-12-12 09:18:33', 1),
	(218, 'profile_pic__1576136409827_.jpg', 'profilePics\\profile_pic__1576136409827_.jpg', NULL, 6, NULL, 0, 1, 0, 0, NULL, 6, NULL, '2019-12-12 07:40:09', '2019-12-12 09:28:42', 1),
	(219, 'profile_pic__1576139214215_.jpg', 'profilePics\\profile_pic__1576139214215_.jpg', NULL, 7, NULL, 0, 1, 0, 0, NULL, 7, NULL, '2019-12-12 08:26:53', '2019-12-12 09:18:33', 1),
	(220, 'profile_pic__1576139237694_.jpg', 'profilePics\\profile_pic__1576139237694_.jpg', NULL, 7, NULL, 0, 1, 0, 0, NULL, 7, NULL, '2019-12-12 08:27:17', '2019-12-12 09:18:33', 1),
	(221, 'profile_pic__1576139237753_.jpg', 'profilePics\\profile_pic__1576139237753_.jpg', NULL, 7, NULL, 0, 1, 0, 0, NULL, 7, NULL, '2019-12-12 08:27:17', '2019-12-12 09:18:33', 1),
	(222, 'profile_pic__1576139237731_.jpg', 'profilePics\\profile_pic__1576139237731_.jpg', NULL, 7, NULL, 0, 1, 0, 0, NULL, 7, NULL, '2019-12-12 08:27:17', '2019-12-12 09:18:33', 1),
	(223, 'profile_pic__1576139237775_.jpg', 'profilePics\\profile_pic__1576139237775_.jpg', NULL, 7, NULL, 0, 1, 0, 0, NULL, 7, NULL, '2019-12-12 08:27:17', '2019-12-12 09:18:33', 1),
	(224, 'profile_pic__1576139237789_.jpg', 'profilePics\\profile_pic__1576139237789_.jpg', NULL, 7, NULL, 0, 1, 0, 0, NULL, 7, NULL, '2019-12-12 08:27:17', '2019-12-12 09:18:33', 1),
	(225, 'profile_pic__1576139346330_.jpg', 'profilePics\\profile_pic__1576139346330_.jpg', NULL, 7, NULL, 0, 1, 0, 0, NULL, 7, NULL, '2019-12-12 08:29:05', '2019-12-12 09:18:33', 1),
	(226, 'profile_pic__1576139358563_.jpg', 'profilePics\\profile_pic__1576139358563_.jpg', NULL, 7, NULL, 0, 1, 0, 0, NULL, 7, NULL, '2019-12-12 08:29:17', '2019-12-12 09:18:33', 1),
	(227, 'profile_pic__1576139385722_.jpg', 'profilePics\\profile_pic__1576139385722_.jpg', NULL, 7, NULL, 0, 1, 0, 0, NULL, 7, NULL, '2019-12-12 08:29:45', '2019-12-12 09:18:33', 1),
	(228, 'profile_pic__1576139391327_.jpg', 'profilePics\\profile_pic__1576139391327_.jpg', NULL, 7, NULL, 0, 1, 0, 0, NULL, 7, NULL, '2019-12-12 08:29:50', '2019-12-12 09:18:33', 1),
	(229, 'profile_pic__1576139391367_.jpg', 'profilePics\\profile_pic__1576139391367_.jpg', NULL, 7, NULL, 0, 1, 0, 0, NULL, 7, NULL, '2019-12-12 08:29:50', '2019-12-12 09:18:33', 1),
	(230, 'profile_pic__1576139391346_.jpg', 'profilePics\\profile_pic__1576139391346_.jpg', NULL, 7, NULL, 0, 1, 0, 0, NULL, 7, NULL, '2019-12-12 08:29:50', '2019-12-12 09:18:33', 1),
	(231, 'profile_pic__1576139391383_.jpg', 'profilePics\\profile_pic__1576139391383_.jpg', NULL, 7, NULL, 0, 1, 0, 0, NULL, 7, NULL, '2019-12-12 08:29:50', '2019-12-12 09:18:33', 1),
	(232, 'profile_pic__1576139391399_.jpg', 'profilePics\\profile_pic__1576139391399_.jpg', NULL, 7, NULL, 0, 1, 0, 0, NULL, 7, NULL, '2019-12-12 08:29:50', '2019-12-12 09:18:33', 1),
	(233, 'profile_pic__1576139409666_.jpg', 'profilePics\\profile_pic__1576139409666_.jpg', NULL, 7, NULL, 0, 1, 0, 0, NULL, 7, NULL, '2019-12-12 08:30:09', '2019-12-12 09:18:33', 1),
	(234, 'profile_pic__1576139409738_.jpg', 'profilePics\\profile_pic__1576139409738_.jpg', NULL, 7, NULL, 0, 1, 0, 0, NULL, 7, NULL, '2019-12-12 08:30:09', '2019-12-12 09:18:33', 1),
	(235, 'profile_pic__1576139409791_.jpg', 'profilePics\\profile_pic__1576139409791_.jpg', NULL, 7, NULL, 0, 1, 0, 0, NULL, 7, NULL, '2019-12-12 08:30:09', '2019-12-12 09:18:33', 1),
	(236, 'profile_pic__1576139409844_.jpg', 'profilePics\\profile_pic__1576139409844_.jpg', NULL, 7, NULL, 0, 1, 0, 0, NULL, 7, NULL, '2019-12-12 08:30:09', '2019-12-12 09:18:33', 1),
	(237, 'profile_pic__1576139409680_.jpg', 'profilePics\\profile_pic__1576139409680_.jpg', NULL, 7, NULL, 0, 1, 0, 0, NULL, 7, NULL, '2019-12-12 08:30:09', '2019-12-12 09:18:33', 1),
	(238, 'profile_pic__1576139409750_.jpg', 'profilePics\\profile_pic__1576139409750_.jpg', NULL, 7, NULL, 0, 1, 0, 0, NULL, 7, NULL, '2019-12-12 08:30:09', '2019-12-12 09:18:33', 1),
	(239, 'profile_pic__1576139409802_.jpg', 'profilePics\\profile_pic__1576139409802_.jpg', NULL, 7, NULL, 0, 1, 0, 0, NULL, 7, NULL, '2019-12-12 08:30:09', '2019-12-12 09:18:33', 1),
	(240, 'profile_pic__1576139409848_.jpg', 'profilePics\\profile_pic__1576139409848_.jpg', NULL, 7, NULL, 0, 1, 0, 0, NULL, 7, NULL, '2019-12-12 08:30:09', '2019-12-12 09:18:33', 1),
	(241, 'profile_pic__1576139409907_.jpg', 'profilePics\\profile_pic__1576139409907_.jpg', NULL, 7, NULL, 0, 1, 0, 0, NULL, 7, NULL, '2019-12-12 08:30:09', '2019-12-12 09:18:33', 1),
	(242, 'profile_pic__1576139409707_.jpg', 'profilePics\\profile_pic__1576139409707_.jpg', NULL, 7, NULL, 0, 1, 0, 0, NULL, 7, NULL, '2019-12-12 08:30:09', '2019-12-12 09:18:33', 1),
	(243, 'profile_pic__1576139409760_.jpg', 'profilePics\\profile_pic__1576139409760_.jpg', NULL, 7, NULL, 0, 1, 0, 0, NULL, 7, NULL, '2019-12-12 08:30:09', '2019-12-12 09:18:33', 1),
	(244, 'profile_pic__1576139409813_.jpg', 'profilePics\\profile_pic__1576139409813_.jpg', NULL, 7, NULL, 0, 1, 0, 0, NULL, 7, NULL, '2019-12-12 08:30:09', '2019-12-12 09:18:33', 1),
	(245, 'profile_pic__1576139409855_.jpg', 'profilePics\\profile_pic__1576139409855_.jpg', NULL, 7, NULL, 0, 1, 0, 0, NULL, 7, NULL, '2019-12-12 08:30:09', '2019-12-12 09:18:33', 1),
	(246, 'profile_pic__1576139409899_.jpg', 'profilePics\\profile_pic__1576139409899_.jpg', NULL, 7, NULL, 0, 1, 0, 0, NULL, 7, NULL, '2019-12-12 08:30:09', '2019-12-12 09:18:33', 1),
	(247, 'profile_pic__1576139409959_.jpg', 'profilePics\\profile_pic__1576139409959_.jpg', NULL, 7, NULL, 0, 1, 0, 0, NULL, 7, NULL, '2019-12-12 08:30:09', '2019-12-12 09:18:33', 1),
	(248, 'profile_pic__1576139409717_.jpg', 'profilePics\\profile_pic__1576139409717_.jpg', NULL, 7, NULL, 0, 1, 0, 0, NULL, 7, NULL, '2019-12-12 08:30:10', '2019-12-12 09:18:33', 1),
	(249, 'profile_pic__1576139409779_.jpg', 'profilePics\\profile_pic__1576139409779_.jpg', NULL, 7, NULL, 0, 1, 0, 0, NULL, 7, NULL, '2019-12-12 08:30:10', '2019-12-12 09:18:33', 1),
	(250, 'profile_pic__1576139409831_.jpg', 'profilePics\\profile_pic__1576139409831_.jpg', NULL, 7, NULL, 0, 1, 0, 0, NULL, 7, NULL, '2019-12-12 08:30:10', '2019-12-12 09:18:33', 1),
	(251, 'profile_pic__1576139409874_.jpg', 'profilePics\\profile_pic__1576139409874_.jpg', NULL, 7, NULL, 0, 1, 0, 0, NULL, 7, NULL, '2019-12-12 08:30:10', '2019-12-12 09:18:33', 1),
	(252, 'profile_pic__1576139409934_.jpg', 'profilePics\\profile_pic__1576139409934_.jpg', NULL, 7, NULL, 0, 1, 0, 0, NULL, 7, NULL, '2019-12-12 08:30:10', '2019-12-12 09:18:33', 1),
	(253, 'profile_pic__1576139409974_.jpg', 'profilePics\\profile_pic__1576139409974_.jpg', NULL, 7, NULL, 0, 1, 0, 0, NULL, 7, NULL, '2019-12-12 08:30:10', '2019-12-12 09:18:33', 1),
	(254, 'profile_pic__1576139409998_.jpg', 'profilePics\\profile_pic__1576139409998_.jpg', NULL, 7, NULL, 0, 1, 0, 0, NULL, 7, NULL, '2019-12-12 08:30:10', '2019-12-12 09:18:33', 1),
	(255, 'profile_pic__1576140674696_.jpg', 'profilePics\\profile_pic__1576140674696_.jpg', NULL, 7, NULL, 0, 1, 0, 0, NULL, 7, NULL, '2019-12-12 08:51:14', '2019-12-12 09:18:33', 1),
	(256, 'profile_pic__1576140674711_.jpg', 'profilePics\\profile_pic__1576140674711_.jpg', NULL, 7, NULL, 0, 1, 0, 0, NULL, 7, NULL, '2019-12-12 08:51:14', '2019-12-12 09:18:33', 1),
	(257, 'profile_pic__1576140684892_.jpg', 'profilePics\\profile_pic__1576140684892_.jpg', NULL, 7, NULL, 0, 1, 0, 0, NULL, 7, NULL, '2019-12-12 08:51:24', '2019-12-12 09:18:33', 1),
	(258, 'profile_pic__1576140684909_.jpg', 'profilePics\\profile_pic__1576140684909_.jpg', NULL, 7, NULL, 0, 1, 0, 0, NULL, 7, NULL, '2019-12-12 08:51:24', '2019-12-12 09:18:33', 1),
	(259, 'profile_pic__1576140684907_.jpg', 'profilePics\\profile_pic__1576140684907_.jpg', NULL, 7, NULL, 0, 1, 0, 0, NULL, 7, NULL, '2019-12-12 08:51:24', '2019-12-12 09:18:33', 1),
	(260, 'profile_pic__1576141198851_.jpg', 'profilePics\\profile_pic__1576141198851_.jpg', NULL, 7, NULL, 0, 1, 0, 0, NULL, 7, NULL, '2019-12-12 08:59:58', '2019-12-12 09:18:33', 1),
	(261, 'profile_pic__1576141212305_.jpg', 'profilePics\\profile_pic__1576141212305_.jpg', NULL, 7, NULL, 0, 1, 0, 0, NULL, 7, NULL, '2019-12-12 09:00:11', '2019-12-12 09:18:33', 1),
	(262, 'profile_pic__1576141222453_.jpg', 'profilePics\\profile_pic__1576141222453_.jpg', NULL, 7, NULL, 0, 1, 0, 0, NULL, 7, NULL, '2019-12-12 09:00:21', '2019-12-12 09:18:33', 1),
	(263, 'profile_pic__1576141252223_.jpg', 'profilePics\\profile_pic__1576141252223_.jpg', NULL, 7, NULL, 0, 1, 0, 0, NULL, 7, NULL, '2019-12-12 09:00:51', '2019-12-12 09:18:33', 1),
	(264, 'profile_pic__1576141252237_.jpg', 'profilePics\\profile_pic__1576141252237_.jpg', NULL, 7, NULL, 0, 1, 0, 0, NULL, 7, NULL, '2019-12-12 09:00:51', '2019-12-12 09:18:33', 1),
	(265, 'profile_pic__1576141284488_.jpg', 'profilePics\\profile_pic__1576141284488_.jpg', NULL, 7, NULL, 0, 1, 0, 0, NULL, 7, NULL, '2019-12-12 09:01:23', '2019-12-12 09:18:33', 1),
	(266, 'profile_pic__1576141305529_.jpg', 'profilePics\\profile_pic__1576141305529_.jpg', NULL, 7, NULL, 0, 1, 0, 0, NULL, 7, NULL, '2019-12-12 09:01:44', '2019-12-12 09:18:33', 1),
	(267, 'profile_pic__1576141305537_.jpg', 'profilePics\\profile_pic__1576141305537_.jpg', NULL, 7, NULL, 0, 1, 0, 0, NULL, 7, NULL, '2019-12-12 09:01:45', '2019-12-12 09:18:33', 1),
	(268, 'profile_pic__1576141348671_.jpg', 'profilePics\\profile_pic__1576141348671_.jpg', NULL, 7, NULL, 0, 1, 0, 0, NULL, 7, NULL, '2019-12-12 09:02:28', '2019-12-12 09:18:33', 1),
	(269, 'profile_pic__1576141354966_.jpg', 'profilePics\\profile_pic__1576141354966_.jpg', NULL, 7, NULL, 0, 1, 0, 0, NULL, 7, NULL, '2019-12-12 09:02:34', '2019-12-12 09:18:33', 1),
	(270, 'profile_pic__1576141367005_.jpg', 'profilePics\\profile_pic__1576141367005_.jpg', NULL, 7, NULL, 0, 1, 0, 0, NULL, 7, NULL, '2019-12-12 09:02:46', '2019-12-12 09:18:33', 1),
	(271, 'profile_pic__1576141378300_.jpg', 'profilePics\\profile_pic__1576141378300_.jpg', NULL, 7, NULL, 0, 1, 0, 0, NULL, 7, NULL, '2019-12-12 09:02:57', '2019-12-12 09:18:33', 1),
	(272, 'profile_pic__1576141392968_.jpg', 'profilePics\\profile_pic__1576141392968_.jpg', NULL, 7, NULL, 0, 1, 0, 0, NULL, 7, NULL, '2019-12-12 09:03:12', '2019-12-12 09:18:33', 1),
	(273, 'profile_pic__1576141419299_.jpg', 'profilePics\\profile_pic__1576141419299_.jpg', NULL, 7, NULL, 0, 1, 0, 0, NULL, 7, NULL, '2019-12-12 09:03:38', '2019-12-12 09:18:33', 1),
	(274, 'profile_pic__1576141426493_.jpg', 'profilePics\\profile_pic__1576141426493_.jpg', NULL, 7, NULL, 0, 1, 0, 0, NULL, 7, NULL, '2019-12-12 09:03:45', '2019-12-12 09:18:33', 1),
	(275, 'profile_pic__1576141456802_.jpg', 'profilePics\\profile_pic__1576141456802_.jpg', NULL, 7, NULL, 0, 1, 0, 0, NULL, 7, NULL, '2019-12-12 09:04:16', '2019-12-12 09:18:33', 1),
	(276, 'profile_pic__1576141876438_.jpg', 'profilePics\\profile_pic__1576141876438_.jpg', NULL, 7, NULL, 0, 1, 0, 0, NULL, 7, NULL, '2019-12-12 09:11:15', '2019-12-12 09:18:33', 1),
	(277, 'profile_pic__1576142314028_.jpg', 'profilePics\\profile_pic__1576142314028_.jpg', NULL, 7, NULL, 0, 1, 0, 0, NULL, 7, NULL, '2019-12-12 09:18:33', '2019-12-12 09:19:23', 1),
	(278, 'profile_pic__1576142364321_.jpg', 'profilePics\\profile_pic__1576142364321_.jpg', NULL, 7, NULL, 0, 1, 0, 0, NULL, 7, NULL, '2019-12-12 09:19:23', '2019-12-12 09:19:40', 1),
	(279, 'profile_pic__1576142381414_.jpg', 'profilePics\\profile_pic__1576142381414_.jpg', NULL, 7, NULL, 0, 1, 0, 0, NULL, 7, NULL, '2019-12-12 09:19:40', '2019-12-12 09:20:46', 1),
	(280, 'profile_pic__1576142447209_.jpg', 'profilePics\\profile_pic__1576142447209_.jpg', NULL, 7, NULL, 0, 1, 0, 0, NULL, 7, NULL, '2019-12-12 09:20:46', '2019-12-12 09:21:53', 1),
	(281, 'profile_pic__1576142514093_.jpg', 'profilePics\\profile_pic__1576142514093_.jpg', NULL, 7, NULL, 0, 1, 0, 0, NULL, 7, NULL, '2019-12-12 09:21:53', '2019-12-12 09:23:42', 1),
	(282, 'profile_pic__1576142622683_.jpg', 'profilePics\\profile_pic__1576142622683_.jpg', NULL, 7, NULL, 0, 1, 0, 0, NULL, 7, NULL, '2019-12-12 09:23:42', '2019-12-12 09:23:48', 1),
	(283, 'profile_pic__1576142628885_.jpg', 'profilePics\\profile_pic__1576142628885_.jpg', NULL, 7, NULL, 0, 1, 0, 0, NULL, 7, NULL, '2019-12-12 09:23:48', '2019-12-12 09:40:31', 1),
	(284, 'profile_pic__1576142923259_.jpg', 'profilePics\\profile_pic__1576142923259_.jpg', NULL, 6, NULL, 0, 1, 0, 0, NULL, 6, NULL, '2019-12-12 09:28:42', '2019-12-12 11:34:49', 1),
	(285, 'profile_pic__1576143631652_.jpg', 'profilePics\\profile_pic__1576143631652_.jpg', NULL, 7, NULL, 0, 1, 0, 0, NULL, 7, NULL, '2019-12-12 09:40:31', '2019-12-12 11:26:35', 1),
	(286, 'profile_pic__1576149995919_.jpg', 'profilePics\\profile_pic__1576149995919_.jpg', NULL, 7, NULL, 0, 1, 0, 0, NULL, 7, NULL, '2019-12-12 11:26:35', '2019-12-12 11:27:08', 1),
	(287, 'profile_pic__1576150028759_.jpg', 'profilePics\\profile_pic__1576150028759_.jpg', NULL, 7, NULL, 0, 1, 0, 0, NULL, 7, NULL, '2019-12-12 11:27:08', '2019-12-12 11:27:14', 1),
	(288, 'profile_pic__1576150034480_.jpg', 'profilePics\\profile_pic__1576150034480_.jpg', NULL, 7, NULL, 0, 1, 0, 0, NULL, 7, NULL, '2019-12-12 11:27:14', '2019-12-12 11:36:39', 1),
	(289, 'profile_pic__1576150488894_.jpg', 'profilePics\\profile_pic__1576150488894_.jpg', NULL, 6, NULL, 0, 1, 0, 0, NULL, 6, NULL, '2019-12-12 11:34:49', '2019-12-12 11:35:14', 1),
	(290, 'profile_pic__1576150514052_.jpg', 'profilePics\\profile_pic__1576150514052_.jpg', NULL, 6, NULL, 0, 1, 0, 0, NULL, 6, NULL, '2019-12-12 11:35:14', '2019-12-12 11:41:41', 1),
	(291, 'profile_pic__1576150583384_.jpg', 'profilePics\\profile_pic__1576150583384_.jpg', NULL, 3, NULL, 0, 1, 0, 0, NULL, 3, NULL, '2019-12-12 11:36:23', '2019-12-13 08:46:51', 1),
	(292, 'profile_pic__1576150599401_.jpg', 'profilePics\\profile_pic__1576150599401_.jpg', NULL, 7, NULL, 0, 1, 0, 0, NULL, 7, NULL, '2019-12-12 11:36:39', '2019-12-13 04:18:55', 1),
	(293, 'profile_pic__1576150900933_.jpg', 'profilePics\\profile_pic__1576150900933_.jpg', NULL, 6, NULL, 0, 1, 0, 0, NULL, 6, NULL, '2019-12-12 11:41:41', '2019-12-13 03:02:10', 1),
	(294, 'profile_pic__1576206131598_.jpg', 'profilePics\\profile_pic__1576206131598_.jpg', NULL, 6, NULL, 0, 1, 0, 0, NULL, 6, NULL, '2019-12-13 03:02:10', '2019-12-13 04:07:24', 1),
	(295, 'bid_file__1576208446961_.jpg', 'bids\\bid_file__1576208446961_.jpg', 71, NULL, 28, 0, 0, 1, 0, NULL, 6, NULL, '2019-12-13 03:40:47', '0000-00-00 00:00:00', 0),
	(296, 'profile_pic__1576210045557_.jpg', 'test\\profile_pic__1576210045557_.jpg', NULL, 6, NULL, 0, 1, 0, 0, NULL, 6, NULL, '2019-12-13 04:07:24', '2019-12-13 04:07:58', 1),
	(297, 'profile_pic__1576210079680_.jpg', 'test\\profile_pic__1576210079680_.jpg', NULL, 6, NULL, 0, 1, 0, 0, NULL, 6, NULL, '2019-12-13 04:07:58', '2019-12-13 04:08:24', 1),
	(298, 'profile_pic__1576210104962_.jpg', 'test\\profile_pic__1576210104962_.jpg', NULL, 6, NULL, 0, 1, 0, 0, NULL, 6, NULL, '2019-12-13 04:08:23', '2019-12-13 04:08:24', 1),
	(299, 'profile_pic__1576210104973_.jpg', 'test\\profile_pic__1576210104973_.jpg', NULL, 6, NULL, 0, 1, 0, 0, NULL, 6, NULL, '2019-12-13 04:08:23', '2019-12-13 04:08:24', 1),
	(300, 'profile_pic__1576210104977_.jpg', 'test\\profile_pic__1576210104977_.jpg', NULL, 6, NULL, 0, 1, 0, 0, NULL, 6, NULL, '2019-12-13 04:08:24', '2019-12-13 04:08:24', 1),
	(301, 'profile_pic__1576210115510_.jpg', 'test\\profile_pic__1576210115510_.jpg', NULL, 6, NULL, 0, 1, 0, 0, NULL, 6, NULL, '2019-12-13 04:08:34', '2019-12-13 04:11:56', 1),
	(302, 'profile_pic__1576210317404_.jpg', 'test\\profile_pic__1576210317404_.jpg', NULL, 6, NULL, 0, 1, 0, 0, NULL, 6, NULL, '2019-12-13 04:11:56', '2019-12-13 04:12:00', 1),
	(303, 'profile_pic__1576210321810_.jpg', 'test\\profile_pic__1576210321810_.jpg', NULL, 6, NULL, 0, 1, 0, 0, NULL, 6, NULL, '2019-12-13 04:12:00', '2019-12-13 04:12:05', 1),
	(304, 'profile_pic__1576210326262_.jpg', 'test\\profile_pic__1576210326262_.jpg', NULL, 6, NULL, 0, 1, 0, 0, NULL, 6, NULL, '2019-12-13 04:12:05', '2019-12-13 04:12:09', 1),
	(305, 'profile_pic__1576210330275_.jpg', 'test\\profile_pic__1576210330275_.jpg', NULL, 6, NULL, 0, 1, 0, 0, NULL, 6, NULL, '2019-12-13 04:12:09', '2019-12-13 04:12:21', 1),
	(306, 'profile_pic__1576210342695_.jpg', 'test\\profile_pic__1576210342695_.jpg', NULL, 6, NULL, 0, 1, 0, 0, NULL, 6, NULL, '2019-12-13 04:12:21', '2019-12-13 04:12:22', 1),
	(307, 'profile_pic__1576210342713_.jpg', 'test\\profile_pic__1576210342713_.jpg', NULL, 6, NULL, 0, 1, 0, 0, NULL, 6, NULL, '2019-12-13 04:12:21', '2019-12-13 04:12:21', 1),
	(308, 'profile_pic__1576210342723_.jpg', 'test\\profile_pic__1576210342723_.jpg', NULL, 6, NULL, 0, 1, 0, 0, NULL, 6, NULL, '2019-12-13 04:12:21', '2019-12-13 04:12:21', 1),
	(309, 'profile_pic__1576210385368_.jpg', 'test\\profile_pic__1576210385368_.jpg', NULL, 6, NULL, 0, 1, 0, 0, NULL, 6, NULL, '2019-12-13 04:13:04', '2019-12-13 04:13:12', 1),
	(310, 'profile_pic__1576210393860_.jpg', 'test\\profile_pic__1576210393860_.jpg', NULL, 6, NULL, 0, 1, 0, 0, NULL, 6, NULL, '2019-12-13 04:13:12', '2019-12-13 04:13:31', 1),
	(311, 'profile_pic__1576210412192_.jpg', 'test\\profile_pic__1576210412192_.jpg', NULL, 6, NULL, 0, 1, 0, 0, NULL, 6, NULL, '2019-12-13 04:13:30', '2019-12-13 04:13:35', 1),
	(312, 'profile_pic__1576210416845_.jpg', 'test\\profile_pic__1576210416845_.jpg', NULL, 6, NULL, 0, 1, 0, 0, NULL, 6, NULL, '2019-12-13 04:13:35', '2019-12-13 04:14:46', 1),
	(313, 'profile_pic__1576210487153_.jpg', 'test\\profile_pic__1576210487153_.jpg', NULL, 6, NULL, 0, 1, 0, 0, NULL, 6, NULL, '2019-12-13 04:14:45', '2019-12-13 04:14:49', 1),
	(314, 'profile_pic__1576210490986_.jpg', 'test\\profile_pic__1576210490986_.jpg', NULL, 6, NULL, 0, 1, 0, 0, NULL, 6, NULL, '2019-12-13 04:14:49', '2019-12-13 04:14:55', 1),
	(315, 'profile_pic__1576210497037_.jpg', 'test\\profile_pic__1576210497037_.jpg', NULL, 6, NULL, 0, 1, 0, 0, NULL, 6, NULL, '2019-12-13 04:14:55', '2019-12-13 04:15:01', 1),
	(316, 'profile_pic__1576210502867_.jpg', 'test\\profile_pic__1576210502867_.jpg', NULL, 6, NULL, 0, 1, 0, 0, NULL, 6, NULL, '2019-12-13 04:15:01', '2019-12-13 04:15:13', 1),
	(317, 'profile_pic__1576210514681_.jpg', 'test\\profile_pic__1576210514681_.jpg', NULL, 6, NULL, 0, 1, 0, 0, NULL, 6, NULL, '2019-12-13 04:15:13', '2019-12-13 04:15:13', 1),
	(318, 'profile_pic__1576210514686_.jpg', 'test\\profile_pic__1576210514686_.jpg', NULL, 6, NULL, 0, 1, 0, 0, NULL, 6, NULL, '2019-12-13 04:15:13', '2019-12-13 04:15:13', 1),
	(319, 'profile_pic__1576210708776_.jpg', 'test\\profile_pic__1576210708776_.jpg', NULL, 6, NULL, 0, 1, 0, 0, NULL, 6, NULL, '2019-12-13 04:18:27', '2019-12-13 04:42:57', 1),
	(320, 'profile_pic__1576210736621_.jpg', 'test\\profile_pic__1576210736621_.jpg', NULL, 7, NULL, 0, 1, 0, 0, NULL, 7, NULL, '2019-12-13 04:18:55', '2019-12-13 04:41:52', 1),
	(321, 'profile_pic__1576212113162_.jpg', 'test\\profile_pic__1576212113162_.jpg', NULL, 7, NULL, 0, 1, 0, 0, NULL, 7, NULL, '2019-12-13 04:41:51', '2019-12-13 05:00:24', 1),
	(322, 'profile_pic__1576212179071_.jpg', 'test\\profile_pic__1576212179071_.jpg', NULL, 6, NULL, 0, 1, 0, 0, NULL, 6, NULL, '2019-12-13 04:42:57', '2019-12-13 04:44:14', 1),
	(323, 'profile_pic__1576212255966_.jpg', 'test\\profile_pic__1576212255966_.jpg', NULL, 6, NULL, 0, 1, 0, 0, NULL, 6, NULL, '2019-12-13 04:44:14', '2019-12-13 04:59:33', 1),
	(324, 'profile_pic__1576213174834_.jpg', 'test\\profile_pic__1576213174834_.jpg', NULL, 6, NULL, 0, 1, 0, 0, NULL, 6, NULL, '2019-12-13 04:59:33', '2019-12-13 05:10:19', 1),
	(325, 'profile_pic__1576213225218_.jpg', 'test\\profile_pic__1576213225218_.jpg', NULL, 7, NULL, 0, 1, 0, 0, NULL, 7, NULL, '2019-12-13 05:00:24', '2019-12-13 05:20:14', 1),
	(326, 'profile_pic__1576213820162_.jpg', 'user-profile-photo\\test\\profile_pic__1576213820162_.jpg', NULL, 6, NULL, 0, 1, 0, 0, NULL, 6, NULL, '2019-12-13 05:10:18', '2019-12-13 05:10:28', 1),
	(327, 'profile_pic__1576213829576_.jpg', 'user-profile-photo\\test\\profile_pic__1576213829576_.jpg', NULL, 6, NULL, 0, 1, 0, 0, NULL, 6, NULL, '2019-12-13 05:10:28', '2019-12-13 05:10:32', 1),
	(328, 'profile_pic__1576213833340_.jpg', 'user-profile-photo\\test\\profile_pic__1576213833340_.jpg', NULL, 6, NULL, 0, 1, 0, 0, NULL, 6, NULL, '2019-12-13 05:10:32', '2019-12-13 05:10:36', 1),
	(329, 'profile_pic__1576213837563_.jpg', 'user-profile-photo\\test\\profile_pic__1576213837563_.jpg', NULL, 6, NULL, 0, 1, 0, 0, NULL, 6, NULL, '2019-12-13 05:10:36', '2019-12-13 05:13:31', 1),
	(330, 'profile_pic__1576214012269_.jpg', 'profilePics\\profile_pic__1576214012269_.jpg', NULL, 6, NULL, 0, 1, 0, 0, NULL, 6, NULL, '2019-12-13 05:13:31', '2019-12-13 05:13:36', 1),
	(331, 'profile_pic__1576214017267_.jpg', 'profilePics\\profile_pic__1576214017267_.jpg', NULL, 6, NULL, 0, 1, 0, 0, NULL, 6, NULL, '2019-12-13 05:13:36', '2019-12-13 05:13:39', 1),
	(332, 'profile_pic__1576214021073_.jpg', 'profilePics\\profile_pic__1576214021073_.jpg', NULL, 6, NULL, 0, 1, 0, 0, NULL, 6, NULL, '2019-12-13 05:13:39', '2019-12-13 05:33:11', 1),
	(333, 'auction_file__1576214285266_.docx', 'auctions\\auction_file__1576214285266_.docx', 72, NULL, NULL, 1, 0, 0, 0, NULL, 7, NULL, '2019-12-13 05:18:04', '0000-00-00 00:00:00', 0),
	(334, 'profile_pic__1576214415794_.jpg', 'profilePics\\profile_pic__1576214415794_.jpg', NULL, 7, NULL, 0, 1, 0, 0, NULL, 7, NULL, '2019-12-13 05:20:14', '2019-12-13 05:21:08', 1),
	(335, 'profile_pic__1576214469241_.jpg', 'profilePics\\profile_pic__1576214469241_.jpg', NULL, 7, NULL, 0, 1, 0, 0, NULL, 7, NULL, '2019-12-13 05:21:08', '2019-12-13 05:21:13', 1),
	(336, 'profile_pic__1576214473968_.jpg', 'profilePics\\profile_pic__1576214473968_.jpg', NULL, 7, NULL, 0, 1, 0, 0, NULL, 7, NULL, '2019-12-13 05:21:12', '2019-12-13 05:21:17', 1),
	(337, 'profile_pic__1576214478743_.jpg', 'profilePics\\profile_pic__1576214478743_.jpg', NULL, 7, NULL, 0, 1, 0, 0, NULL, 7, NULL, '2019-12-13 05:21:17', '2019-12-13 05:21:20', 1),
	(338, 'profile_pic__1576214481454_.jpg', 'profilePics\\profile_pic__1576214481454_.jpg', NULL, 7, NULL, 0, 1, 0, 0, NULL, 7, NULL, '2019-12-13 05:21:20', '2019-12-13 05:22:00', 1),
	(339, 'profile_pic__1576214521915_.jpg', 'profilePics\\profile_pic__1576214521915_.jpg', NULL, 7, NULL, 0, 1, 0, 0, NULL, 7, NULL, '2019-12-13 05:22:00', '2019-12-13 05:22:20', 1),
	(340, 'profile_pic__1576214541151_.jpg', 'profilePics\\profile_pic__1576214541151_.jpg', NULL, 7, NULL, 0, 1, 0, 0, NULL, 7, NULL, '2019-12-13 05:22:19', '2019-12-13 05:28:24', 1),
	(341, 'profile_pic__1576214905728_.jpg', 'profilePics\\profile_pic__1576214905728_.jpg', NULL, 7, NULL, 0, 1, 0, 0, NULL, 7, NULL, '2019-12-13 05:28:24', '2019-12-13 05:28:29', 1),
	(342, 'profile_pic__1576214911061_.jpg', 'profilePics\\profile_pic__1576214911061_.jpg', NULL, 7, NULL, 0, 1, 0, 0, NULL, 7, NULL, '2019-12-13 05:28:29', '2019-12-13 05:28:35', 1),
	(343, 'profile_pic__1576214916968_.jpg', 'profilePics\\profile_pic__1576214916968_.jpg', NULL, 7, NULL, 0, 1, 0, 0, NULL, 7, NULL, '2019-12-13 05:28:35', '2019-12-13 05:28:41', 1),
	(344, 'profile_pic__1576214922548_.jpg', 'profilePics\\profile_pic__1576214922548_.jpg', NULL, 7, NULL, 0, 1, 0, 0, NULL, 7, NULL, '2019-12-13 05:28:41', '2019-12-13 05:31:22', 1),
	(345, 'profile_pic__1576215083299_.jpg', 'profilePics\\profile_pic__1576215083299_.jpg', NULL, 7, NULL, 0, 1, 0, 0, NULL, 7, NULL, '2019-12-13 05:31:22', '2019-12-13 05:31:34', 1),
	(346, 'profile_pic__1576215095177_.jpg', 'profilePics\\profile_pic__1576215095177_.jpg', NULL, 7, NULL, 0, 1, 0, 0, NULL, 7, NULL, '2019-12-13 05:31:33', '2019-12-13 05:31:44', 1),
	(347, 'profile_pic__1576215105496_.jpg', 'profilePics\\profile_pic__1576215105496_.jpg', NULL, 7, NULL, 0, 1, 0, 0, NULL, 7, NULL, '2019-12-13 05:31:44', '2019-12-13 05:32:19', 1),
	(348, 'profile_pic__1576215140714_.jpg', 'profilePics\\profile_pic__1576215140714_.jpg', NULL, 7, NULL, 0, 1, 0, 0, NULL, 7, NULL, '2019-12-13 05:32:19', '2019-12-13 05:32:25', 1),
	(349, 'profile_pic__1576215146921_.jpg', 'profilePics\\profile_pic__1576215146921_.jpg', NULL, 7, NULL, 0, 1, 0, 0, NULL, 7, NULL, '2019-12-13 05:32:25', '2019-12-13 05:32:38', 1),
	(350, 'profile_pic__1576215159641_.jpg', 'profilePics\\profile_pic__1576215159641_.jpg', NULL, 7, NULL, 0, 1, 0, 0, NULL, 7, NULL, '2019-12-13 05:32:38', '2019-12-13 05:51:57', 1),
	(351, 'profile_pic__1576215192416_.jpg', 'profilePics\\profile_pic__1576215192416_.jpg', NULL, 6, NULL, 0, 1, 0, 0, NULL, 6, NULL, '2019-12-13 05:33:11', '2019-12-20 04:10:09', 1),
	(352, 'profile_pic__1576215223626_.jpg', 'profilePics\\profile_pic__1576215223626_.jpg', NULL, 2, NULL, 0, 1, 0, 0, NULL, 2, NULL, '2019-12-13 05:33:42', '2019-12-13 05:33:53', 1),
	(353, 'profile_pic__1576215234871_.jpg', 'profilePics\\profile_pic__1576215234871_.jpg', NULL, 2, NULL, 0, 1, 0, 0, NULL, 2, NULL, '2019-12-13 05:33:53', '2019-12-13 05:55:09', 1),
	(354, 'profile_pic__1576216316290_.jpg', 'profilePics\\profile_pic__1576216316290_.jpg', NULL, 7, NULL, 0, 1, 0, 0, NULL, 7, NULL, '2019-12-13 05:51:57', '2019-12-13 05:52:07', 1),
	(355, 'profile_pic__1576216326511_.jpg', 'profilePics\\profile_pic__1576216326511_.jpg', NULL, 7, NULL, 0, 1, 0, 0, NULL, 7, NULL, '2019-12-13 05:52:07', '2019-12-13 05:53:12', 1),
	(356, 'profile_pic__1576216391693_.jpg', 'profilePics\\profile_pic__1576216391693_.jpg', NULL, 7, NULL, 0, 1, 0, 0, NULL, 7, NULL, '2019-12-13 05:53:12', '2019-12-19 04:50:38', 1),
	(357, 'profile_pic__1576216509041_.jpg', 'profilePics\\profile_pic__1576216509041_.jpg', NULL, 2, NULL, 0, 1, 0, 0, NULL, 2, NULL, '2019-12-13 05:55:09', '2019-12-13 05:55:29', 1),
	(358, 'profile_pic__1576216528668_.jpg', 'profilePics\\profile_pic__1576216528668_.jpg', NULL, 2, NULL, 0, 1, 0, 0, NULL, 2, NULL, '2019-12-13 05:55:29', '2019-12-19 04:50:18', 1),
	(359, 'profile_pic__1576226812526_.jpg', 'profilePics\\profile_pic__1576226812526_.jpg', NULL, 3, NULL, 0, 1, 0, 0, NULL, 3, NULL, '2019-12-13 08:46:51', '0000-00-00 00:00:00', 0),
	(360, 'profile_pic__1576731018524_.jpg', 'profilePics\\profile_pic__1576731018524_.jpg', NULL, 2, NULL, 0, 1, 0, 0, NULL, 2, NULL, '2019-12-19 04:50:18', '2019-12-19 05:30:24', 1),
	(361, 'profile_pic__1576731038955_.jpg', 'profilePics\\profile_pic__1576731038955_.jpg', NULL, 7, NULL, 0, 1, 0, 0, NULL, 7, NULL, '2019-12-19 04:50:37', '2019-12-20 05:09:04', 1),
	(362, 'profile_pic__1576733425569_.jpg', 'profilePics\\profile_pic__1576733425569_.jpg', NULL, 2, NULL, 0, 1, 0, 0, NULL, 2, NULL, '2019-12-19 05:30:24', '2019-12-20 04:38:11', 1),
	(363, 'auction_file__1576746124504_.jpg', 'auctions\\auction_file__1576746124504_.jpg', 73, NULL, NULL, 1, 0, 0, 0, NULL, 7, NULL, '2019-12-19 09:02:03', '0000-00-00 00:00:00', 0),
	(364, 'profile_pic__1576815010427_.jpg', 'profilePics\\profile_pic__1576815010427_.jpg', NULL, 6, NULL, 0, 1, 0, 0, NULL, 6, NULL, '2019-12-20 04:10:08', '2019-12-20 05:01:28', 1),
	(365, 'auction_file__1576815177762_.jpg', 'auctions\\auction_file__1576815177762_.jpg', 74, NULL, NULL, 1, 0, 0, 0, NULL, 7, NULL, '2019-12-20 04:12:56', '0000-00-00 00:00:00', 0),
	(366, 'profile_pic__1576816692446_.jpg', 'profilePics\\profile_pic__1576816692446_.jpg', NULL, 2, NULL, 0, 1, 0, 0, NULL, 2, NULL, '2019-12-20 04:38:10', '2019-12-20 04:58:43', 1),
	(367, 'profile_pic__1576817922699_.jpg', 'profilePics\\profile_pic__1576817922699_.jpg', NULL, 2, NULL, 0, 1, 0, 0, NULL, 2, NULL, '2019-12-20 04:58:43', '2019-12-20 11:20:56', 1),
	(368, 'profile_pic__1576818088538_.jpg', 'profilePics\\profile_pic__1576818088538_.jpg', NULL, 6, NULL, 0, 1, 0, 0, NULL, 6, NULL, '2019-12-20 05:01:28', '2019-12-20 06:34:44', 1),
	(369, 'profile_pic__1576818545824_.jpg', 'profilePics\\profile_pic__1576818545824_.jpg', NULL, 7, NULL, 0, 1, 0, 0, NULL, 7, NULL, '2019-12-20 05:09:04', '2019-12-20 06:41:18', 1),
	(370, 'profile_pic__1576823685276_.jpg', 'profilePics\\profile_pic__1576823685276_.jpg', NULL, 6, NULL, 0, 1, 0, 0, NULL, 6, NULL, '2019-12-20 06:34:43', '2019-12-20 06:37:56', 1),
	(371, 'profile_pic__1576823877569_.jpg', 'profilePics\\profile_pic__1576823877569_.jpg', NULL, 6, NULL, 0, 1, 0, 0, NULL, 6, NULL, '2019-12-20 06:37:56', '2019-12-23 02:47:37', 1),
	(372, 'profile_pic__1576824079881_.jpg', 'profilePics\\profile_pic__1576824079881_.jpg', NULL, 7, NULL, 0, 1, 0, 0, NULL, 7, NULL, '2019-12-20 06:41:18', '2019-12-20 06:59:41', 1),
	(373, 'profile_pic__1576825182967_.jpg', 'profilePics\\profile_pic__1576825182967_.jpg', NULL, 7, NULL, 0, 1, 0, 0, NULL, 7, NULL, '2019-12-20 06:59:41', '0000-00-00 00:00:00', 0),
	(374, 'profile_pic__1576840855839_.jpg', 'profilePics\\profile_pic__1576840855839_.jpg', NULL, 2, NULL, 0, 1, 0, 0, NULL, 2, NULL, '2019-12-20 11:20:56', '2019-12-23 07:12:00', 1),
	(375, 'profile_pic__1577069259623_.jpg', 'profilePics\\profile_pic__1577069259623_.jpg', NULL, 6, NULL, 0, 1, 0, 0, NULL, 6, NULL, '2019-12-23 02:47:37', '2020-01-03 09:48:31', 1),
	(376, 'profile_pic__1577085119890_.jpg', 'profilePics\\profile_pic__1577085119890_.jpg', NULL, 2, NULL, 0, 1, 0, 0, NULL, 2, NULL, '2019-12-23 07:12:00', '0000-00-00 00:00:00', 0),
	(377, 'profile_pic__1578044912037_.jpg', 'profilePics\\profile_pic__1578044912037_.jpg', NULL, 6, NULL, 0, 1, 0, 0, NULL, 6, NULL, '2020-01-03 09:48:31', '0000-00-00 00:00:00', 0);
/*!40000 ALTER TABLE `table_documents` ENABLE KEYS */;

-- Dumping structure for table auction_db.table_industry_types
CREATE TABLE IF NOT EXISTS `table_industry_types` (
  `Id` int(11) unsigned NOT NULL AUTO_INCREMENT,
  `IndustryTypeId` int(11) unsigned NOT NULL,
  `IndustryTypeName` varchar(191) NOT NULL,
  `IndustryTypeDescription` text DEFAULT NULL,
  `CreatedAt` timestamp NULL DEFAULT current_timestamp(),
  `UpdatedAt` timestamp NULL DEFAULT NULL ON UPDATE current_timestamp(),
  PRIMARY KEY (`Id`),
  UNIQUE KEY `IndustryTypeId` (`IndustryTypeId`)
) ENGINE=InnoDB AUTO_INCREMENT=18 DEFAULT CHARSET=latin1;

-- Dumping data for table auction_db.table_industry_types: ~17 rows (approximately)
/*!40000 ALTER TABLE `table_industry_types` DISABLE KEYS */;
INSERT INTO `table_industry_types` (`Id`, `IndustryTypeId`, `IndustryTypeName`, `IndustryTypeDescription`, `CreatedAt`, `UpdatedAt`) VALUES
	(1, 1, 'Plastic', 'Plastic company', '2019-12-06 10:38:28', NULL),
	(2, 2, 'Germents', 'Germents', '2019-12-06 10:38:28', NULL),
	(3, 3, 'Beverage', 'Beverage company', '2019-12-06 10:38:28', NULL),
	(4, 4, 'Ice Creame', 'Ice Creame company', '2019-12-06 10:38:28', NULL),
	(5, 5, 'jute', 'jute', '2019-12-10 10:38:32', NULL),
	(6, 6, 'new', 'new ', '2019-12-10 10:42:28', NULL),
	(7, 7, 'u', 'u\r\n', '2019-12-10 10:53:51', NULL),
	(8, 8, 'aluminum', 'aluminium firm', '2019-12-10 10:55:42', NULL),
	(9, 9, 'Polimer Industry', 'This is a description', '2019-12-10 11:14:59', NULL),
	(10, 10, 'curl test', NULL, '2019-12-11 07:33:49', NULL),
	(11, 11, 'curl test 2', NULL, '2019-12-11 07:34:36', NULL),
	(12, 12, 'test type industry', 'test type industry', '2019-12-11 08:58:03', NULL),
	(13, 13, 'okkkk', NULL, '2019-12-11 09:03:08', NULL),
	(14, 14, 'okkkk2', NULL, '2019-12-11 09:03:28', NULL),
	(15, 15, 'okkkk3', NULL, '2019-12-11 09:03:48', NULL),
	(16, 16, 'okkkk4', NULL, '2019-12-11 09:05:44', NULL),
	(17, 17, 'okkkk5', NULL, '2019-12-11 09:10:53', NULL);
/*!40000 ALTER TABLE `table_industry_types` ENABLE KEYS */;

-- Dumping structure for table auction_db.table_message_notifications
CREATE TABLE IF NOT EXISTS `table_message_notifications` (
  `NotificationId` int(11) unsigned NOT NULL AUTO_INCREMENT,
  `ChatId` int(11) unsigned DEFAULT NULL,
  `ReceiverId` int(10) unsigned DEFAULT NULL,
  `SenderName` text DEFAULT NULL,
  `Message` text DEFAULT NULL,
  `SenderId` int(10) unsigned DEFAULT NULL,
  `CreatedAt` timestamp NULL DEFAULT current_timestamp(),
  `UpdatedAt` timestamp NULL DEFAULT NULL ON UPDATE current_timestamp(),
  PRIMARY KEY (`NotificationId`)
) ENGINE=InnoDB AUTO_INCREMENT=443 DEFAULT CHARSET=latin1;

-- Dumping data for table auction_db.table_message_notifications: ~19 rows (approximately)
/*!40000 ALTER TABLE `table_message_notifications` DISABLE KEYS */;
INSERT INTO `table_message_notifications` (`NotificationId`, `ChatId`, `ReceiverId`, `SenderName`, `Message`, `SenderId`, `CreatedAt`, `UpdatedAt`) VALUES
	(315, 579, 6, 'Mahfuz Rahman', 'okk\n', 1, '2019-11-27 11:08:21', NULL),
	(322, 586, 14, 'System Admin', 'Hhh', 2, '2019-11-27 16:21:26', NULL),
	(364, 628, 1, 'Kabir Khan', 'Uu', 6, '2019-11-28 15:25:01', NULL),
	(365, 629, 15, 'System Admin', 'Hi', 2, '2019-11-29 14:40:04', NULL),
	(386, 650, 3, 'Kabir Khan', 'yes\n', 6, '2019-12-06 09:41:20', NULL),
	(389, 653, 2, 'Abu bakar', 'hello\n', 3, '2019-12-11 03:54:36', NULL),
	(399, 663, 17, 'System Admin', 'yes\n', 2, '2019-12-11 03:58:03', NULL),
	(400, 664, 2, 'Abdur Rahman', 'ddd', 17, '2019-12-11 03:58:12', NULL),
	(402, 666, 2, 'Mahfuz Rahman', 'ff', 1, '2019-12-11 04:02:04', NULL),
	(408, 672, 17, 'Abu bakar', 'ddd', 3, '2019-12-13 08:39:19', NULL),
	(416, 680, 3, 'System Admin', 'doesn\'t support Japanese?\n', 2, '2019-12-16 07:00:52', NULL),
	(419, 683, 8, 'System Admin', 'hello', 2, '2019-12-20 02:40:56', NULL),
	(432, 696, 6, 'Abu bakar', 'ddd', 3, '2019-12-20 05:51:19', NULL),
	(434, 698, 6, 'System Admin', 'hi', 2, '2019-12-20 06:14:23', NULL),
	(435, 699, 7, 'kabir Khan', 'ddd', 6, '2019-12-20 10:27:33', NULL),
	(438, 702, 6, 'Abdur Rahman', 'ddd', 7, '2019-12-20 10:38:52', NULL),
	(439, 703, 7, 'System Admin', 'hi\n', 2, '2019-12-23 09:42:45', NULL),
	(440, 704, 2, 'Abdur Rahman', 'okk\n', 7, '2019-12-23 09:42:52', NULL),
	(442, 706, 2, 'kabir Khan', 'okk\n', 6, '2020-01-03 08:34:26', NULL);
/*!40000 ALTER TABLE `table_message_notifications` ENABLE KEYS */;

-- Dumping structure for table auction_db.table_notifications
CREATE TABLE IF NOT EXISTS `table_notifications` (
  `NotificationId` int(11) unsigned NOT NULL AUTO_INCREMENT,
  `NotificationHeading` text DEFAULT NULL,
  `NotificationMessage` text DEFAULT NULL,
  `NotificationType` tinyint(4) DEFAULT NULL,
  `ResolveId` int(11) unsigned DEFAULT NULL,
  `Url` text DEFAULT NULL,
  `InitiatorUserId` int(11) DEFAULT NULL,
  `AudienceUserId` int(11) DEFAULT NULL,
  `CreatedAt` timestamp NOT NULL DEFAULT current_timestamp(),
  `UpdatedAt` timestamp NULL DEFAULT NULL ON UPDATE current_timestamp(),
  PRIMARY KEY (`NotificationId`)
) ENGINE=InnoDB AUTO_INCREMENT=182 DEFAULT CHARSET=latin1;

-- Dumping data for table auction_db.table_notifications: ~29 rows (approximately)
/*!40000 ALTER TABLE `table_notifications` DISABLE KEYS */;
INSERT INTO `table_notifications` (`NotificationId`, `NotificationHeading`, `NotificationMessage`, `NotificationType`, `ResolveId`, `Url`, `InitiatorUserId`, `AudienceUserId`, `CreatedAt`, `UpdatedAt`) VALUES
	(19, 'new heading', 'df', 3, 21, '/bid/view/21?AuctionId=62', 6, 7, '2019-11-27 06:11:08', '2019-11-29 09:01:04'),
	(20, 'New Bid KabirBid', 'Desc', 3, 22, '/bid/view/22?AuctionId=61', 6, 7, '2019-12-02 07:55:06', NULL),
	(26, 'yy', '444', 4, 62, '/auction/view/62', 7, NULL, '2019-12-03 06:24:15', NULL),
	(27, 'ddd', 'ddd', 2, 63, '/auction/view/63', 7, NULL, '2019-12-03 06:26:03', NULL),
	(29, 'yes', 'ddd-bid', 3, 23, '/bid/view/23?AuctionId=63', 6, 7, '2019-12-03 06:32:43', NULL),
	(36, 'New Bid supllier abdur rahman bid', 'supplier abdur rahman', 3, 24, '/bid/view/24?AuctionId=63', 17, 7, '2019-12-03 09:10:25', NULL),
	(59, 'New Bid kabir khan bid on new nw auction', 'kabir khan bid on new nw auction desc', 3, 25, '/bid/view/25?AuctionId=59', 6, 7, '2019-12-06 04:19:59', NULL),
	(60, 'New Bid supplier rahman bid for new nw', 'supplier rahman bid for new nw', 3, 26, '/bid/view/26?AuctionId=59', 17, 7, '2019-12-06 04:21:50', NULL),
	(64, 'KabirBid', 'Desc', 5, 22, '/bid/view/22?AuctionId=61', 6, 7, '2019-12-06 05:13:13', NULL),
	(72, 'supplier rahman bid for new nw', 'supplier rahman bid for new nw', 5, 26, '/bid/view/26?AuctionId=59', 17, 7, '2019-12-06 05:33:49', NULL),
	(74, 'supllier abdur rahman bid', 'supplier abdur rahman', 5, 24, '/bid/view/24?AuctionId=63', 17, 7, '2019-12-06 05:35:51', NULL),
	(76, 'ddd', 'ddd', 4, 63, '/auction/view/63', 7, NULL, '2019-12-06 06:16:42', NULL),
	(77, 'Need electricity for silicon general branch', 'branch_dhaka\r\nbangladesh', 2, 64, '/auction/view/64', 7, NULL, '2019-12-06 06:17:56', NULL),
	(80, 'New Bid i can provide eletricity', 'my bid on electricity provide for silicon', 3, 27, '/bid/view/27?AuctionId=64', 17, 7, '2019-12-06 06:34:50', NULL),
	(86, 'Need electricity for silicon general branch', 'branch_dhaka\r\nbangladesh', 4, 64, '/auction/view/64', 7, NULL, '2019-12-06 09:38:13', NULL),
	(87, 'kabir khan bid on new nw auction', 'kabir khan bid on new nw auction desc', 5, 25, '/bid/view/25?AuctionId=59', 6, 7, '2019-12-06 09:38:51', NULL),
	(89, 'yes', 'ddd-bid', 5, 23, '/bid/view/23?AuctionId=63', 6, 7, '2019-12-06 11:29:08', NULL),
	(90, 'promise base auction add', 'ddd', 2, 71, '/auction/view/71', 7, NULL, '2019-12-09 04:30:05', NULL),
	(91, 'a another auction', 'auction', 2, 72, '/auction/view/72', 7, NULL, '2019-12-09 04:35:15', NULL),
	(92, 'New Bid bid on promise base', 'bid on promise base', 3, 28, '/bid/view/28?AuctionId=71', 6, 7, '2019-12-09 05:34:25', NULL),
	(98, 'kabir khan anotherfad', 'kabir khan another', 5, 20, '/bid/view/20?AuctionId=60', 6, 7, '2019-12-17 06:15:38', NULL),
	(99, 'i can provide eletricity', 'my bid on electricity provide for silicon', 5, 27, '/bid/view/27?AuctionId=64', 6, 7, '2019-12-19 06:59:44', NULL),
	(119, 'rrr', 'rrr', 2, 73, '/auction/view/73', 7, NULL, '2019-12-19 09:02:04', NULL),
	(141, 'asdfasfdasfd', 'sadfasfdasfasf', 4, 29, '/auction/view/29', 3, NULL, '2019-12-19 09:46:42', NULL),
	(160, 'a another auction', 'auction', 4, 72, '/auction/view/72', 7, NULL, '2019-12-20 03:40:06', NULL),
	(163, 'rrr', 'rrr', 4, 73, '/auction/view/73', 7, NULL, '2019-12-20 03:45:07', NULL),
	(165, 'test on friday auction', 'dddd', 2, 74, '/auction/view/74', 7, NULL, '2019-12-20 04:12:56', NULL),
	(168, 'bid on promise base', 'bid on promise base', 5, 28, '/bid/view/28?AuctionId=71', 6, 7, '2019-12-20 08:27:14', NULL),
	(181, 'test on friday auction', 'dddd', 4, 74, '/auction/view/74', 7, NULL, '2019-12-20 08:43:20', NULL);
/*!40000 ALTER TABLE `table_notifications` ENABLE KEYS */;

-- Dumping structure for table auction_db.table_notification_types
CREATE TABLE IF NOT EXISTS `table_notification_types` (
  `TypeId` int(11) unsigned NOT NULL AUTO_INCREMENT,
  `NotificationType` tinyint(4) unsigned DEFAULT NULL,
  `TypeDescription` text DEFAULT NULL,
  `CreatedAt` timestamp NULL DEFAULT current_timestamp(),
  `UpdatedAt` timestamp NULL DEFAULT NULL ON UPDATE current_timestamp(),
  PRIMARY KEY (`TypeId`),
  UNIQUE KEY `NotificationType` (`NotificationType`)
) ENGINE=InnoDB AUTO_INCREMENT=6 DEFAULT CHARSET=latin1;

-- Dumping data for table auction_db.table_notification_types: ~5 rows (approximately)
/*!40000 ALTER TABLE `table_notification_types` DISABLE KEYS */;
INSERT INTO `table_notification_types` (`TypeId`, `NotificationType`, `TypeDescription`, `CreatedAt`, `UpdatedAt`) VALUES
	(1, 1, 'common', '2019-11-14 15:49:25', NULL),
	(2, 2, 'create auction', '2019-11-14 15:49:41', '2019-11-27 04:56:20'),
	(3, 3, 'create bid', '2019-11-14 15:50:02', '2019-11-27 04:56:30'),
	(4, 4, 'edit auction', '2019-11-14 15:50:17', '2019-11-27 04:56:38'),
	(5, 5, 'edit bid', '2019-11-14 15:50:33', '2019-11-27 04:56:47');
/*!40000 ALTER TABLE `table_notification_types` ENABLE KEYS */;

-- Dumping structure for table auction_db.table_users
CREATE TABLE IF NOT EXISTS `table_users` (
  `UserId` int(11) NOT NULL AUTO_INCREMENT,
  `UserTypeId` int(11) NOT NULL,
  `CompanyId` int(11) DEFAULT NULL,
  `ProfilePicDocId` int(11) DEFAULT NULL,
  `IsDocUploaded` int(11) DEFAULT NULL,
  `LastViewdNotificatonId` int(11) DEFAULT 0,
  `LastViewdMessageId` int(11) DEFAULT 0,
  `FirstName` varchar(255) NOT NULL,
  `AboutMe` longtext DEFAULT '',
  `LastName` varchar(255) NOT NULL,
  `Email` varchar(255) NOT NULL,
  `EmailVerification` varchar(255) DEFAULT NULL,
  `Password` varchar(255) NOT NULL,
  `IsConfirmed` tinyint(1) NOT NULL DEFAULT 0,
  `IsActive` tinyint(1) NOT NULL DEFAULT 1,
  `ResetKey` varchar(256) DEFAULT NULL,
  `CreatedBy` int(11) DEFAULT NULL,
  `UpdatedBy` int(11) DEFAULT NULL,
  `CreateDate` timestamp NOT NULL DEFAULT current_timestamp(),
  `UpdateDate` datetime DEFAULT NULL ON UPDATE current_timestamp(),
  PRIMARY KEY (`UserId`)
) ENGINE=InnoDB AUTO_INCREMENT=21 DEFAULT CHARSET=latin1;

-- Dumping data for table auction_db.table_users: ~17 rows (approximately)
/*!40000 ALTER TABLE `table_users` DISABLE KEYS */;
INSERT INTO `table_users` (`UserId`, `UserTypeId`, `CompanyId`, `ProfilePicDocId`, `IsDocUploaded`, `LastViewdNotificatonId`, `LastViewdMessageId`, `FirstName`, `AboutMe`, `LastName`, `Email`, `EmailVerification`, `Password`, `IsConfirmed`, `IsActive`, `ResetKey`, `CreatedBy`, `UpdatedBy`, `CreateDate`, `UpdateDate`) VALUES
	(1, 3, 1, NULL, NULL, 0, 0, 'Mahfuz', '', 'Rahman', 'testl@gmail.com', NULL, '$2b$10$BGEC6STLbxizFoJp3flMHuSpBun8r7ugemq1qYBo.tpe6RhaADDhe', 1, 0, NULL, NULL, NULL, '2019-10-21 06:21:08', '2019-12-20 01:57:56'),
	(2, 1, NULL, 376, NULL, 181, 442, 'System', 'i am admin of the application', 'Admin', 'admin@test.test', NULL, '$2b$10$zHxiu9a4dR4voZCOPLG84O1zgtyWjg8u9RNHCIKT4WHj7RWuW3jLO', 1, 1, NULL, NULL, NULL, '2019-10-21 08:24:13', '2020-01-03 08:34:48'),
	(3, 3, 2, 0, NULL, 0, 416, 'Abu', '', 'bakar', 'abu@auction.test', NULL, '$2b$10$XvOBYkjt/lFnv3zZTUwqluU1yrslNwaUp22lh96Ck8M8MJSCLiB8i', 1, 1, NULL, NULL, NULL, '2019-10-21 10:48:40', '2019-12-20 06:08:30'),
	(4, 3, 3, NULL, NULL, 0, 0, 'Hyder', '', 'Hossen', 'hyder@auction.test', NULL, '$2b$10$W5WlZ3Tv3xawlz2jmJ.lrefFacs.A14a9yzmeea86WHGqVSXA89MK', 0, 1, NULL, NULL, NULL, '2019-10-21 10:50:25', '2019-11-27 11:18:09'),
	(6, 2, 18, 377, NULL, 181, 438, 'kabir', '', 'Khan', 'kabir@auction.test', NULL, '$2b$10$.QYlAb3Z8unz.tKYQSnNIe2b3reD9KSFeN8xwSnJLLG5kq.oYlYe.', 1, 1, NULL, NULL, NULL, '2019-10-22 03:49:17', '2020-01-03 09:48:32'),
	(7, 3, 5, 373, NULL, 168, 439, 'Abdur', 'demo bio', 'Rahman', 'z.rahhh.mask@gmail.com', NULL, '$2b$10$Mfo1jc5D/cIjtXZoLCx3UODbt2BnPdcSwui9n3lhNWGP1j6IgehcW', 1, 1, NULL, NULL, NULL, '2019-10-28 11:16:55', '2019-12-23 09:42:46'),
	(8, 3, 6, NULL, NULL, 0, 0, 'Mahfuz', '', 'Rahman', 'themahfuz.sol1@gmail.com', NULL, '$2b$10$14/MJT68K1OEH50Jysq7f.WHUYzzocLCuhlueGJ9Bx94/G.wZol0q', 1, 1, NULL, NULL, NULL, '2019-11-04 09:17:44', '2019-11-27 11:18:09'),
	(10, 3, 8, NULL, NULL, 0, 0, 'Rasel', '', 'khan', 'raselkhanlab@gmail.com', NULL, '$2b$10$qtshCyCh6wDtKlKtzrJ/A.CgiVKaZt.smUU1DkasvLFMM95nFEWGa', 0, 1, NULL, NULL, NULL, '2019-11-06 02:40:49', '2019-11-27 11:18:09'),
	(11, 3, 9, NULL, NULL, 0, 0, 'Charles', '', 'Fujisaki', 'fujisaki@laplacegroup.net', 'qLNeaetyYXsMuZsRvrfNHnsn0rq5ZsZ5vcHp7EN4vMZcDK7Fxo191106134722', '$2b$10$Nio3QFtWE4MRv3rnZSILT.FfuvuOlm8O9wdQV5oG7dB0Vq6aEjZ2K', 0, 1, NULL, NULL, NULL, '2019-11-06 13:47:22', '2019-11-27 11:18:09'),
	(12, 3, 10, NULL, NULL, 0, 0, 'Charles', '', 'Fujisaki', 'takapom0123@yahoo.co.jp', 'CoaJj1HNeA1xBxLDta8TmBDer68TwZk3wVeXcK6WLTUq97XMmX191106134916', '$2b$10$iq2XF4x.Ctuc4J/JGC3pJe5/k0KjIY/9BXx4efj4HjQANU4sCQ6QG', 0, 1, NULL, NULL, NULL, '2019-11-06 13:49:17', '2019-11-27 11:18:09'),
	(14, 3, 12, NULL, NULL, 0, 0, 'Mahfuz', '', 'Rahman', 'themahfuzcse32@gmail.com', NULL, '$2b$10$7hMCATOOkjQOBzWN0ALr4e/o6fr994uwG/zobFsoVoFxpe3ddkgyO', 1, 1, NULL, NULL, NULL, '2019-11-07 03:09:32', '2019-12-19 04:57:39'),
	(15, 3, 13, NULL, NULL, 0, 0, 'Abdur', '', 'Rahman', 'a.rahman@siliconorchard.com', NULL, '$2b$10$b9rIfeEAQiK9q0zSBEs7KuTFfpn0Kjooqxvkfj498OvfN8z1UgM5G', 1, 1, NULL, NULL, NULL, '2019-11-07 05:44:21', '2019-11-27 11:18:09'),
	(16, 3, 14, NULL, NULL, 0, 0, 'Unknown', '', 'unknown', 'yirzifokki@enayu.com', NULL, '$2b$10$13.KLRs8FgB64kwB9sut5.N241eQDm.kUVr80XTjykCIi3GD8lnGu', 1, 1, NULL, NULL, NULL, '2019-11-10 09:54:26', '2019-11-27 11:18:09'),
	(17, 2, 15, NULL, NULL, 91, 399, 'Abdur', '', 'Rahman', 'rahhh.mask@gmail.com', NULL, '$2b$10$JZ.6q/qqHRijG2Sg/jTI.eWEdgqqnM0RjVKmYfWeC/oiY/RQ0jl0S', 1, 1, NULL, NULL, NULL, '2019-11-26 07:00:09', '2019-12-13 09:24:54'),
	(18, 2, 16, NULL, NULL, 0, 0, 'Mahfuz', '', 'Rahman', 'themahfuz.sol@gmail.com', NULL, '$2b$10$W.fdpDSS.WtGoFEiYxNUbeSfPz.OKmvzkh1x5uOAR3.3FPr8zmN2.', 1, 1, NULL, NULL, NULL, '2019-11-26 07:11:25', '2019-12-19 04:57:53'),
	(19, 3, 17, NULL, NULL, 0, 0, 'R', '', 'khaan', 'rkokhaan@gmail.com', NULL, '$2b$10$LQ7iV1Wl1hH/HAxlLba1.uT8myYErvKl2/XUCyo6TWOGbzpBfBlWi', 1, 1, 'dWuQC2kG5ADEzG7WLXGlW8rWuuBNPphUIcJVm0NJ7H5y5LYzZp19121125244', NULL, NULL, '2019-12-04 10:52:16', '2019-12-11 02:52:44'),
	(20, 3, 19, NULL, NULL, 0, 0, 'jhon', '', 'smith', 'javon49419@quick-mail.cc', NULL, '$2b$10$7De0rBBfo0iASYbxoEH3ju0YZEu0R0zB8K/uieGq7LsQgCk5GNA4W', 1, 1, NULL, NULL, NULL, '2019-12-10 10:56:07', '2019-12-10 10:56:58');
/*!40000 ALTER TABLE `table_users` ENABLE KEYS */;

-- Dumping structure for table auction_db.table_usertypes
CREATE TABLE IF NOT EXISTS `table_usertypes` (
  `UserTypeId` int(11) NOT NULL AUTO_INCREMENT,
  `UserTypeName` varchar(255) NOT NULL,
  `Description` varchar(255) NOT NULL,
  `IsPublic` tinyint(1) NOT NULL DEFAULT 1,
  `CreatedBy` int(11) DEFAULT NULL,
  `UpdatedBy` int(11) DEFAULT NULL,
  `CreateDate` timestamp NOT NULL DEFAULT current_timestamp(),
  `UpdateDate` datetime DEFAULT NULL ON UPDATE current_timestamp(),
  PRIMARY KEY (`UserTypeId`)
) ENGINE=InnoDB AUTO_INCREMENT=4 DEFAULT CHARSET=latin1;

-- Dumping data for table auction_db.table_usertypes: ~3 rows (approximately)
/*!40000 ALTER TABLE `table_usertypes` DISABLE KEYS */;
INSERT INTO `table_usertypes` (`UserTypeId`, `UserTypeName`, `Description`, `IsPublic`, `CreatedBy`, `UpdatedBy`, `CreateDate`, `UpdateDate`) VALUES
	(1, 'Admin', 'System User', 0, NULL, NULL, '2019-10-11 11:23:26', NULL),
	(2, 'Supplier', 'Electric Sellers', 1, NULL, NULL, '2019-10-11 11:25:10', NULL),
	(3, 'Consumer', 'Electric Buyers', 1, NULL, NULL, '2019-10-11 11:30:25', NULL);
/*!40000 ALTER TABLE `table_usertypes` ENABLE KEYS */;

/*!40101 SET SQL_MODE=IFNULL(@OLD_SQL_MODE, '') */;
/*!40014 SET FOREIGN_KEY_CHECKS=IF(@OLD_FOREIGN_KEY_CHECKS IS NULL, 1, @OLD_FOREIGN_KEY_CHECKS) */;
/*!40101 SET CHARACTER_SET_CLIENT=@OLD_CHARACTER_SET_CLIENT */;
